ticker,weight_%
A,0.070158040158
AAPL,7.014904418836
ABBV,0.777577964749
ABNB,0.108776879496
ABT,0.483745383691
ADBE,0.350980876009
ADI,0.210403482405
ADM,0.048286497487
ADP,0.261333766282
ADSK,0.118398544802
AEE,0.056965246092
AEP,0.122406580437
AES,0.01861752186
AFL,0.115697243064
AIG,0.10844262206
AIZ,0.022628908989
AJG,0.18460825336
AKAM,0.02543714708
ALB,0.017845330925
ALGN,0.023366346536
ALL,0.115337076648
AMAT,0.247936951957
AMD,0.350000912344
AME,0.083754264011
AMGN,0.351981497913
AMP,0.097902343719
AMT,0.213790747711
AMZN,3.772549903871
ANET,0.16820342282
AOS,0.016376229132
APA,0.016395270884
APD,0.137872157604
APH,0.166991481442
APO,0.128756850719
ARE,0.029958934266
ATO,0.051583249396
AVB,0.064127319424
AVGO,1.649855247163
AVY,0.030076126966
AWK,0.060476787904
AXON,0.080145327826
AXP,0.313913177014
AZO,0.134538092714
BA,0.268931060761
BAC,0.580879761835
BALL,0.03268955787
BAX,0.036834448676
BBY,0.03025553161
BDX,0.138267672996
BEN,0.012524796229
BF/B,0.013002095925
BIIB,0.041942643385
BK,0.126537641911
BKNG,0.320550419905
BKR,0.091478608715
BLDR,0.030246098309
BLK,0.289669686874
BMY,0.259951450262
BR,0.05967147574
BRK/B,2.052205604103
BRO,0.062113475284
BSX,0.312489359863
BX,0.215079813964
BXP,0.02058423771
C,0.280136288447
CAG,0.026774350779
CAH,0.070133584762
CARR,0.107632885727
CAT,0.33135784004
CBOE,0.04970033664
CBRE,0.081264714001
CCI,0.095287860542
CCL,0.042670575515
CDNS,0.146721203254
CDW,0.044922690271
CEG,0.132588971055
CF,0.028605797138
CFG,0.037649989551
CHD,0.056610750966
CHRW,0.025322827816
CHTR,0.074958359519
CI,0.189361430267
CINF,0.048443951045
CL,0.159857741799
CLX,0.038340829836
CMCSA,0.292573064028
CME,0.200913090032
CMG,0.143061864702
CMI,0.090448085887
CMS,0.047205112625
CNC,0.063291793155
CNP,0.049666212529
COF,0.143760775171
COO,0.035232935682
COP,0.281682767609
COR,0.100896836717
COST,0.882582393475
CPAY,0.051058905089
CPB,0.016495147398
CPRT,0.104356375467
CPT,0.027501343105
CRL,0.016191364756
CRM,0.539901722058
CRWD,0.182568866425
CSCO,0.516681988146
CSGP,0.07019370041
CSX,0.119377691742
CTAS,0.148087294132
CTRA,0.044778581001
CTSH,0.079545493782
CTVA,0.090695001838
CVS,0.179213739271
CVX,0.587879141434
CZR,0.011173638694
D,0.099071857287
DAL,0.058797365725
DASH,0.130354792189
DD,0.065535384213
DE,0.249918344643
DECK,0.035731014038
DELL,0.059778778329
DG,0.040535914841
DGX,0.039482123866
DHI,0.075797137717
DHR,0.275815849773
DIS,0.375103693507
DLR,0.095321060265
DLTR,0.031980213761
DOC,0.029748624091
DOV,0.050698027271
DOW,0.051420896639
DPZ,0.033376374845
DRI,0.051349654167
DTE,0.060235293662
DUK,0.19897500348
DVA,0.014148073031
DVN,0.051677972271
DXCM,0.056106982465
EA,0.072055056965
EBAY,0.068242815188
ECL,0.134392535563
ED,0.080644307651
EFX,0.063545770518
EIX,0.047979013955
EL,0.03242401735
ELV,0.212138505322
EMN,0.021483105216
EMR,0.12997505732
ENPH,0.017279592417
EOG,0.151719698885
EPAM,0.020143239802
EQIX,0.166838566059
EQR,0.051285658868
EQT,0.066921287429
ERIE,0.022051439149
ES,0.047874157558
ESS,0.041508885556
ETR,0.077080930853
EVRG,0.033225344176
EW,0.089920537177
EXC,0.097476434903
EXE,0.049213350301
EXPD,0.035405209245
EXPE,0.04342954214
EXR,0.066212965724
F,0.08207760594
FANG,0.062845584134
FAST,0.093450901962
FCX,0.114363794407
FDS,0.036328965215
FDX,0.113560709483
FE,0.043492590548
FFIV,0.032271843073
FICO,0.094460838842
FIS,0.083160189201
FISV,0.264039259483
FITB,0.055290265358
FOX,0.014663632128
FOXA,0.025921192178
FRT,0.015629968763
FSLR,0.028470148894
FTNT,0.128807834059
FTV,0.052491027792
GD,0.145406602903
GDDY,0.053196211613
GE,0.451604104105
GEHC,0.077564030074
GEN,0.030310549303
GEV,0.176837129782
GILD,0.293743752797
GIS,0.069286418814
GL,0.02325764348
GLW,0.074204740194
GM,0.098374369388
GNRC,0.015850245279
GOOG,1.552650206221
GOOGL,1.896262349783
GPC,0.034842763113
GPN,0.050971913053
GS,0.358363945973
GWW,0.092088004643
HAL,0.046298845508
HAS,0.016988336501
HBAN,0.045870906391
HCA,0.129889764821
HD,0.765573985907
HIG,0.07480718745
HII,0.016867224036
HLT,0.115095506405
HON,0.28937923296
HPE,0.042604100041
HPQ,0.054590628889
HRL,0.018957210077
HSIC,0.017962141468
HST,0.020894042504
HSY,0.053150910977
HUBB,0.037359623274
HUM,0.067018059512
HWM,0.110460961509
IBM,0.483423772052
ICE,0.208323394771
IDXX,0.072332430199
IEX,0.02872857651
IFF,0.041739335679
INCY,0.020407001513
INTC,0.206723293104
INTU,0.361307191282
INVH,0.041764008275
IP,0.058909153874
IQV,0.062005377347
IR,0.06784319285
IRM,0.053112361216
ISRG,0.371049022281
IT,0.068010241031
ITW,0.139253231579
J,0.031144184423
JBHT,0.024790438741
JBL,0.03133308398
JKHY,0.028069118719
JNJ,0.839384045669
JPM,1.441904513953
KDP,0.086095784233
KEY,0.03333940555
KEYS,0.054439984608
KHC,0.055804786308
KIM,0.029997357928
KKR,0.16402875555
KLAC,0.189910889514
KMB,0.099168108488
KMI,0.115993204362
KMX,0.025393358175
KO,0.582951475086
KR,0.094779876445
KVUE,0.096710096333
L,0.034137177964
LDOS,0.037210139343
LEN,0.056345590801
LH,0.040947830889
LHX,0.082861791233
LII,0.037822922192
LKQ,0.02326120063
LLY,1.368058699065
LMT,0.196738524074
LNT,0.034801541648
LOW,0.27685177252
LRCX,0.196187861931
LULU,0.066672331145
LUV,0.041838216792
LVS,0.027906975419
LW,0.015987579231
LYV,0.043117645461
MA,0.938421800696
MAA,0.041069850666
MAR,0.114587322903
MAS,0.030989323548
MCD,0.470660154155
MCHP,0.054683287204
MCK,0.177307117351
MCO,0.151550251319
MDLZ,0.18450626947
MET,0.097717697844
META,2.653395400632
MGM,0.01410882925
MHK,0.012614178236
MKC,0.043526872584
MKTX,0.017213682763
MLM,0.061468807548
MMM,0.167612229866
MNST,0.086193654389
MO,0.213746288681
MOH,0.038429842731
MOS,0.017935212556
MPC,0.096782425356
MPWR,0.05830662615
MRK,0.477425791759
MRNA,0.020219307302
MRSH,0.251855968118
MS,0.303494081375
MSCI,0.092310170128
MSFT,5.866628989475
MSI,0.153901450535
MTB,0.062385396061
MTCH,0.016478659985
MTD,0.05193648308
MU,0.203519795602
NDAQ,0.066032808348
NDSN,0.023048956722
NEE,0.306383609455
NEM,0.115619247331
NFLX,0.838341759434
NI,0.039362170983
NKE,0.157638040544
NOC,0.146459805111
NOW,0.344974451006
NRG,0.040674067563
NSC,0.112712958798
NTAP,0.037543808591
NTRS,0.040641273073
NUE,0.05943783115
NVDA,5.579852257416
NVR,0.045509412394
NWS,0.007187603612
NWSA,0.021714321368
O,0.106628603556
ODFL,0.065401665081
OKE,0.129512472641
OMC,0.034023681693
ON,0.036048058079
ORCL,0.476800730013
ORLY,0.173102989359
OTIS,0.086024887336
OXY,0.070081808408
PANW,0.237514898369
PAYC,0.02162804902
PAYX,0.103945808159
PCAR,0.107298785995
PCG,0.079003506865
PEG,0.086250100534
PEP,0.432530489492
PFE,0.30180812177
PFG,0.037344882607
PG,0.840081151622
PGR,0.348741366882
PH,0.16439271704
PHM,0.043753486978
PKG,0.037142720111
PLD,0.217581289533
PLTR,0.363652313795
PM,0.518901680917
PNC,0.146302195179
PNW,0.0228068148
PODD,0.038629062576
POOL,0.025483525064
PPG,0.053362509802
PPL,0.056053417016
PRU,0.083111790446
PSA,0.099212847363
PSX,0.107268318175
PTC,0.039153056173
PWR,0.078789203005
PYPL,0.135696715405
QCOM,0.357157404538
REG,0.025401822905
REGN,0.140436289136
RF,0.041544456798
RJF,0.053462114723
RL,0.018657033054
RMD,0.069120861991
ROK,0.061357711043
ROL,0.032003464764
ROP,0.132980484812
ROST,0.088634688679
RSG,0.103338675127
RTX,0.370846506521
RVTY,0.027084878841
SBAC,0.049630550604
SBUX,0.234232417901
SCHW,0.280551294759
SHW,0.170189190254
SJM,0.026576550773
SLB,0.123098915647
SMCI,0.036269635684
SNA,0.037218963366
SNPS,0.139356607482
SO,0.211703265925
SOLV,0.022148949193
SPG,0.10698855892
SPGI,0.336467283301
SRE,0.094982426365
STLD,0.037250725896
STT,0.054293357845
STZ,0.05995627142
SWK,0.024959241527
SWKS,0.021763671482
SYF,0.043357238271
SYK,0.268412093085
SYY,0.077176239934
T,0.426802262333
TAP,0.022032159573
TDG,0.163107552191
TDY,0.048783728773
TECH,0.019481624506
TER,0.028295786027
TFC,0.113838928933
TGT,0.100527878252
TJX,0.287844576897
TKO,0.021390868639
TMO,0.400189673912
TMUS,0.268869359183
TPL,0.052499619947
TPR,0.030642351287
TRGP,0.091951284271
TRMB,0.033619223397
TROW,0.042931577491
TRV,0.126051999588
TSCO,0.06191323295
TSLA,1.524601753784
TSN,0.038231405392
TTWO,0.071234038268
TXN,0.343899915595
TXT,0.027730640711
TYL,0.052300473754
UAL,0.047766843638
UBER,0.319973790617
UDR,0.028586507845
UHS,0.023205847205
ULTA,0.035731881639
UNH,1.013284793841
UNP,0.300110942153
UPS,0.169209943907
URI,0.086042626542
USB,0.138380611159
V,1.269691673029
VICI,0.072331669056
VLO,0.087948827819
VLTO,0.050692777026
VMC,0.064808162345
VRSK,0.088400820938
VRSN,0.043420004429
VRTX,0.261724868164
VST,0.084046945656
VTR,0.063188583547
VTRS,0.021918964172
VZ,0.401636210845
WAB,0.065134407191
WAT,0.046034451942
WBD,0.050385506436
WDAY,0.105060650528
WDC,0.029399127229
WEC,0.07251678625
WELL,0.196229782487
WFC,0.496362113663
WM,0.177811290577
WMB,0.153170375115
WMT,0.800612382844
WRB,0.045107629361
WSM,0.040916418445
WST,0.034105571649
WY,0.044749952952
WYNN,0.015723445712
XEL,0.085507853733
XOM,1.088340163662
XYL,0.061046707854
YUM,0.092373514472
ZBH,0.047393906035
ZBRA,0.030575464483
ZTS,0.154996007353
ACN,0.409967332327
PNR,0.030403570297
STX,0.037686926703
EG,0.032848563145
ACGL,0.075809528262
CB,0.236584392885
AMCR,0.029561547681
ALLE,0.023855172261
IVZ,0.014393732762
MDT,0.242184493151
NXPI,0.101607579962
RCL,0.106890711927
APTV,0.028700168098
TT,0.158859486637
WTW,0.070905394492
JCI,0.111174876413
LIN,0.466177442013
GRMN,0.070163121954
NCLH,0.017578088429
BG,0.021444395431
AON,0.181545808869
LYB,0.038473728631
TEL,0.088638317354
SW,0.046881822049
STE,0.046814190721
ETN,0.225773424371
