Date,nport_base_return,it_20pp_return,spy_return,active_base,active_it20
2024-04-26,0.010375246344026156,0.010570699712541747,0.009473948179165692,0.0009012981648604639,0.001096751533376055
2024-04-29,0.0031576746384746487,0.003648606276887107,0.0035414297461646704,-0.0003837551076900218,0.00010717653072243654
2024-04-30,-0.0159701649152838,-0.016561879229346696,-0.01584121643362124,-0.00012894848166255732,-0.0007206627957254547
2024-05-01,-0.0032612369291952414,-0.005597802799933703,-0.0032471511531020347,-1.408577609320668e-05,-0.0023506516468316686
2024-05-02,0.009508986500428073,0.009428517780611918,0.009353469116733182,0.00015551738369489095,7.504866387873614e-05
2024-05-03,0.012726830176586289,0.013243306214709715,0.012395296652984111,0.0003315335236021774,0.0008480095617256038
2024-05-06,0.010398447550259881,0.011300720013197516,0.010326794652302018,7.165289795786275e-05,0.000973925360895498
2024-05-07,0.0011833241004199943,0.00019401650328622883,0.0011035533133769704,7.977078704302391e-05,-0.0009095368100907415
2024-05-08,-0.0002380647236822954,0.00032862989182372293,9.647562920434005e-05,-0.0003345403528866354,0.00023215426261938288
2024-05-09,0.0051976852101879795,0.0038685818486702294,0.00576198905336911,-0.0005643038431811303,-0.0018934072046988804
2024-05-10,0.001711642235218981,0.002290321087121885,0.0012881037483014612,0.00042353848691751976,0.0010022173388204237
2024-05-13,-9.284124351391517e-05,0.000482721930354081,0.00013426244304337587,-0.00022710368655729104,0.00034845948731070515
2024-05-14,0.005002878293393686,0.005716008537536631,0.004588194592596295,0.0004146837007973905,0.0011278139449403361
2024-05-15,0.012039774882601223,0.014031833256494507,0.012383027069566177,-0.0003432521869649544,0.0016488061869283296
2024-05-16,-0.0018652875066936493,-0.0018970053563398255,-0.002057544692443347,0.0001922571857496979,0.00016053933610352166
2024-05-17,0.0011039136275250684,0.0007326826653508645,0.0014375154397507917,-0.0003336018122257233,-0.0007048327743999272
2024-05-20,0.0010765918996862942,0.0027899941089512097,0.0011520458437725978,-7.545394408630356e-05,0.0016379482651786119
2024-05-21,0.002358988727437984,0.0016460742150408419,0.0024524163177215286,-9.342759028354436e-05,-0.0008063421026806867
2024-05-22,-0.002683859723929107,-0.0007740095213574216,-0.0028790578048304427,0.0001951980809013357,0.002105048283473021
2024-05-23,-0.006802692307646805,-0.007436129062518353,-0.007304272633687048,0.0005015803260402431,-0.00013185642883130518
2024-05-24,0.0069858196059579165,0.006889123922363858,0.0066165101077051425,0.00036930949825277407,0.00027261381465871516
2024-05-28,0.0007760330406867523,0.00034451179655395787,0.0006988453582048582,7.718768248189418e-05,-0.0003543335616509003
2024-05-29,-0.007106358046313168,-0.00755713076283763,-0.007002454045067719,-0.0001039040012454492,-0.0005546767177699117
2024-05-30,-0.006263638354855458,-0.007399787878441901,-0.006633881698410615,0.00037024334355515755,-0.0007659061800312861
2024-05-31,0.008302986386725362,0.0064844457292482244,0.009108137100940938,-0.0008051507142155766,-0.002623691371692714
2024-06-03,0.001810247941832233,0.0009428707842197311,0.000815398053666927,0.000994849888165306,0.00012747273055280413
2024-06-04,0.0018166747618555221,0.001238418034103555,0.00111774169742751,0.0006989330644280121,0.00012067633667604502
2024-06-05,0.01215608141396356,0.014013608526400332,0.011885286538725115,0.0002707948752384455,0.0021283219876752166
2024-06-06,0.00012021489670336886,-0.0004249507699427456,-1.8709279545392477e-05,0.00013892417624876134,-0.0004062414903973531
2024-06-07,-0.0009114774526904432,-0.0012823449138584379,-0.0012156581825512047,0.0003041807298607615,-6.668673130723313e-05
2024-06-10,0.00247802487027287,0.00392337110824469,0.0030897925971888895,-0.0006117677269160196,0.0008335785110558007
2024-06-11,0.002744994276837508,0.0029018565977334794,0.0024081026725715216,0.0003368916042659864,0.0004937539251619579
2024-06-12,0.008820852818724922,0.01030442931534738,0.008213080638207026,0.0006077721805178952,0.002091348677140354
2024-06-13,0.0025028069738275652,0.0024214016661567982,0.0020135328811594633,0.000489274092668102,0.00040786878499733496
2024-06-14,0.0003827165160963424,-0.00015670250439197571,0.0006085511814017952,-0.00022583466530545283,-0.000765253685793771
2024-06-17,0.007671688723301135,0.00839415873456266,0.00795864829453019,-0.0002869595712290552,0.00043551044003246886
2024-06-18,0.0024453579006961123,0.0033040933870203287,0.0025407055123127797,-9.534761161666743e-05,0.0007633878747075489
2024-06-20,-0.002904895365215542,-0.003985583292778407,-0.00271641746130602,-0.00018847790390952215,-0.0012691658314723875
2024-06-21,-0.001674732621970205,-0.0011853321084428388,-0.0013407061120768171,-0.0003340265098933878,0.00015537400363397832
2024-06-24,-0.003450319869405992,-0.0046948237199819385,-0.003250512653033333,-0.00019980721637265914,-0.0014443110669486057
2024-06-25,0.004222637168252652,0.004586994362120329,0.0038508483762180745,0.0003717887920345773,0.0007361459859022545
2024-06-26,0.0021517296062864262,0.001023319670311841,0.001248037323762441,0.0009036922825239853,-0.00022471765345059998
2024-06-27,0.0007356920067963191,0.0019039935341532467,0.0015762949369151347,-0.0008406029301188156,0.000327698597238112
2024-06-28,-0.003946986628697234,-0.0028893724719908456,-0.003934877537230652,-1.2109091466581436e-05,0.0010455050652398066
2024-07-01,0.003051599707670921,0.002728510047730395,0.0020578883736119824,0.0009937113340589385,0.0006706216741184127
2024-07-02,0.006103115694189102,0.006241702948382458,0.006729854689488501,-0.0006267389952993993,-0.00048815174110604376
2024-07-03,0.005094399106733569,0.0051084736322354034,0.004462518162005047,0.0006318809447285224,0.0006459554702303565
2024-07-05,0.0058290017731827464,0.005386235842423359,0.005766470977847771,6.253079533497571e-05,-0.00038023513542441174
2024-07-08,0.000869073449874419,0.0021499129818029596,0.0011539403636429135,-0.0002848669137684945,0.000995972618160046
2024-07-09,0.0008600919888660285,-0.0001414465445073469,0.0009723676546344873,-0.00011227566576845881,-0.0011138141991418342
2024-07-10,0.010361534421962977,0.01062269606436458,0.009895531655677692,0.0004660027662852853,0.0007271644086868888
2024-07-11,-0.00888216443252457,-0.008703539879354991,-0.008622834507458599,-0.00025932992506597086,-8.070537189639251e-05
2024-07-12,0.00528356548197298,0.006603484405924661,0.006307657436101399,-0.001024091954128419,0.00029582696982326153
2024-07-15,0.002926781390162788,0.00321843776058701,0.0027502318104990486,0.00017654957966373955,0.0004682059500879612
2024-07-16,0.0061761721128632836,0.006579706978098096,0.005930080913369773,0.0002460911994935106,0.0006496260647283229
2024-07-17,-0.013649615242489331,-0.016913935180588913,-0.01402117447015827,0.00037155922766893973,-0.0028927607104306426
2024-07-18,-0.007923093825208661,-0.007772645786095299,-0.007684813223276632,-0.00023828060193202896,-8.783256281866703e-05
2024-07-19,-0.006898335817036352,-0.007957941069143397,-0.006640604165301767,-0.00025773165173458533,-0.0013173369038416306
2024-07-22,0.010615831955823411,0.011983397535956225,0.010309924342275956,0.00030590761354745526,0.0016734731936802697
2024-07-23,-0.001561418826727763,-0.002068622214909016,-0.0015687460660562813,7.327239328518273e-06,-0.0004998761488527346
2024-07-24,-0.023083377367039963,-0.024488604518131993,-0.022662370838181678,-0.0004210065288582851,-0.0018262336799503148
2024-07-25,-0.004924595397596456,-0.005023164800267646,-0.005210392136385078,0.0002857967387886219,0.00018722733611743238
2024-07-26,0.010967664073394275,0.011791377435011595,0.01119971183544255,-0.0002320477620482743,0.0005916655995690454
2024-07-29,0.0008427816007098393,0.00034533589055755814,0.000587779587347903,0.0002550020133619363,-0.0002424436967903449
2024-07-30,-0.004983005052816984,-0.006658397347272076,-0.005066577985250231,8.357293243324744e-05,-0.0015918193620218443
2024-07-31,0.01571126478360809,0.017825666708252166,0.01625470242197591,-0.0005434376383678177,0.0015709642862762573
2024-08-01,-0.013253655343346585,-0.01680709353143711,-0.014160914265491042,0.0009072589221444573,-0.0026461792659460692
2024-08-02,-0.017974986666655344,-0.020977491919075598,-0.018618386879309612,0.000643400212654268,-0.002359105039765986
2024-08-05,-0.030372811036050894,-0.029379732501901748,-0.02912381737354308,-0.0012489936625078128,-0.00025591512835866637
2024-08-06,0.010417138508233307,0.010736111522996437,0.009219646681390303,0.001197491826843004,0.001516464841606134
2024-08-07,-0.007599226643176414,-0.008474393566374623,-0.0066839961423128536,-0.0009152305008635602,-0.0017903974240617692
2024-08-08,0.023067242012176876,0.025819839444602685,0.02311719436478521,-4.995235260833383e-05,0.0027026450798174756
2024-08-09,0.004825381072827139,0.004782848272728078,0.004409753718971787,0.00041562735385535215,0.00037309455375629085
2024-08-12,0.0003535624737285936,0.0003360781434809099,0.0005254581184506169,-0.00017189564472202325,-0.00018937997496970696
2024-08-13,0.016892741293039828,0.018426152104635062,0.01644542365219892,0.0004473176408409073,0.0019807284524361417
2024-08-14,0.003821264506540701,0.0036597108371970452,0.0031548370815228655,0.0006664274250178354,0.0005048737556741798
2024-08-15,0.01624068060120191,0.018318156654257893,0.017140361905951584,-0.0008996813047496728,0.0011777947483063086
2024-08-16,0.0022721157865121097,0.0020260978408387395,0.0022420918317906935,3.002395472141619e-05,-0.000215993990951954
2024-08-19,0.009963405486321495,0.00983437285460705,0.009561144985421599,0.000402260500899896,0.0002732278691854502
2024-08-20,-0.0018677018184208548,-0.0022119184582073447,-0.0016258914980240569,-0.00024181032039679792,-0.0005860269601832878
2024-08-21,0.004131363734377915,0.005585784971921165,0.0034364410660061573,0.0006949226683717578,0.0021493439059150077
2024-08-22,-0.008928815714501829,-0.010602684561924269,-0.00784846691775154,-0.001080348796750289,-0.002754217644172729
2024-08-23,0.01146245070670312,0.012226656971313999,0.010625421484762532,0.0008370292219405887,0.001601235486551467
2024-08-26,-0.003092118718048055,-0.004265843166956402,-0.0023837799197528042,-0.0007083387982952508,-0.0018820632472035977
2024-08-27,0.001629807327700729,0.0021464201324828706,0.0013728762591089794,0.00025693106859174964,0.0007735438733738912
2024-08-28,-0.005894581350449519,-0.007243553775623979,-0.005805250927202188,-8.933042324733072e-05,-0.001438302848421791
2024-08-29,-0.0002733365996014839,0.0005350689893189085,8.96338507427874e-05,-0.0003629704503442713,0.00044543513857612106
2024-08-30,0.010190751248802749,0.010776206811495805,0.00954620986593846,0.0006445413828642891,0.0012299969455573448
2024-09-03,-0.0209152421699578,-0.024081013767662175,-0.02057921276072827,-0.00033602940922952684,-0.0035018010069339037
2024-09-04,-0.0016691539311505653,-0.0013781771666669298,-0.002046876901344641,0.0003777229701940755,0.0006686997346777111
2024-09-05,-0.0028336504426207027,-0.0034974027255161425,-0.0024321523711449133,-0.0004014980714757894,-0.0010652503543712292
2024-09-06,-0.017170984844956223,-0.018118651331095043,-0.016830046442845803,-0.0003409384021104203,-0.0012886048882492403
2024-09-09,0.01160506931355969,0.012225404891107761,0.011196084697615571,0.000408984615944118,0.0010293201934921895
2024-09-10,0.004646344317723201,0.004834300174442795,0.004355900025068804,0.0002904442926543972,0.00047840014937399096
2024-09-11,0.010679624407649206,0.01281399505256986,0.010258946385845125,0.00042067802180408183,0.002555048666724735
2024-09-12,0.007558643953437228,0.00667238830710419,0.008423171995987966,-0.0008645280425507379,-0.001750783688883776
2024-09-13,0.0055676512100066924,0.00648782774522101,0.00522262710382293,0.0003450241061837625,0.0012652006413980798
2024-09-16,0.001340326044127005,0.0013470243713241288,0.0014770129874017712,-0.00013668694327476625,-0.0001299886160776424
2024-09-17,0.00039311123351354213,0.0010293959364578293,0.0004086797783009466,-1.5568544787404463e-05,0.0006207161581568827
2024-09-18,-0.002913251859855229,-0.003375509353479041,-0.002965951435339842,5.269957548461289e-05,-0.00040955791813919885
2024-09-19,0.016925836778895437,0.01827948613939251,0.017064491041375307,-0.00013865426247986964,0.001214995098017202
2024-09-20,-0.001996398480917049,-0.001992100430685354,-0.0017287449719705084,-0.0002676535089465408,-0.00026335545871484546
2024-09-23,0.0026443953579882574,0.0028438952235586568,0.002499043602226525,0.00014535175576173244,0.00034485162133213176
2024-09-24,0.0026582611946532834,0.0028894953926426672,0.002861222995878876,-0.00020296180122559258,2.8272396763791285e-05
2024-09-25,-0.0018925659494606042,-0.0019574934711489135,-0.0022054527099499843,0.0003128867604893801,0.0002479592388010708
2024-09-26,0.0036920468070808536,0.0060924951117297494,0.003964638683935373,-0.00027259187685451953,0.0021278564277943763
2024-09-27,-0.0010211524171921252,-0.0018944807654464905,-0.0014504715688140601,0.0004293191516219349,-0.0004440091966324304
2024-09-30,0.004366648863502503,0.0034706752767456376,0.004007229298663706,0.000359419564838797,-0.0005365540219180683
2024-10-01,-0.009384282057183786,-0.011333526086699491,-0.00895832532483809,-0.00042595673234569614,-0.0023752007618614013
2024-10-02,-2.6255926297010946e-05,0.0014512672405337856,0.0004219725084146919,-0.00044822843471170284,0.0010292947321190937
2024-10-03,-0.0015331124856071835,-0.0012260936927678014,-0.0018281767260073245,0.00029506424040014103,0.0006020830332395231
2024-10-04,0.009299538304328753,0.009589252937468847,0.009087270490398813,0.00021226781392993943,0.0005019824470700335
2024-10-07,-0.009559938636626946,-0.008883371693564785,-0.00904035053668073,-0.0005195880999462159,0.00015697884311594544
2024-10-08,0.009753131353369008,0.010043629869675462,0.00945754134781529,0.0002955900055537173,0.0005860885218601716
2024-10-09,0.00695631719568448,0.007887574399745655,0.006926570504826257,2.9746690858222825e-05,0.0009610038949193975
2024-10-10,-0.0018615808108999419,-0.0021275393573331,-0.0017500610912019043,-0.00011151971969803752,-0.00037747826613119574
2024-10-11,0.005905404802324892,0.00629569582265815,0.005988267395711899,-8.286259338700745e-05,0.00030742842694625114
2024-10-14,0.00771295289174383,0.007898673792576279,0.008178235187614735,-0.00046528229587090505,-0.00027956139503845616
2024-10-15,-0.007363807607083217,-0.009688388735982247,-0.007769627818527525,0.0004058202114443077,-0.0019187609174547218
2024-10-16,0.004697111608894823,0.003981484368539118,0.004346497308902908,0.00035061429999191495,-0.00036501294036378994
2024-10-17,-0.00034214034238482356,7.285676722551784e-06,8.578339713571914e-05,-0.0004279237395205427,-7.849772041316736e-05
2024-10-18,0.0041196790979885,0.0034711484619234937,0.003846585926947199,0.0002730931710413012,-0.0003754374650237055
2024-10-21,-0.0016650970735288993,-0.0020088648762307216,-0.0016423109811971592,-2.2786092331740027e-05,-0.0003665538950335624
2024-10-22,-0.00023023281415616892,-0.001003811299286562,-0.0005310922072517821,0.00030085939309561314,-0.0004727190920347799
2024-10-23,-0.009437785776598004,-0.009774980311542773,-0.009137424564856667,-0.000300361211741337,-0.0006375557466861068
2024-10-24,0.0022815345940259643,0.002651177571426896,0.002162726927777525,0.00011880766624843908,0.0004884506436493709
2024-10-25,-0.00028704896372115847,0.000603336761235154,-0.0003454826084204887,5.843364469933026e-05,0.0009488193696556427
2024-10-28,0.002654458534644319,0.0024226073351481902,0.0030915338881492005,-0.0004370753535048815,-0.0006689265530010102
2024-10-29,0.0015640119438691147,0.0040078106742746445,0.0016183926419506278,-5.438069808151309e-05,0.0023894180323240167
2024-10-30,-0.0029478071697989798,-0.006114969248848778,-0.0030251245419649075,7.731737216592777e-05,-0.0030898447068838705
2024-10-31,-0.018542557355195298,-0.01881230994200243,-0.019603270710941034,0.0010607133557457363,0.000790960768938604
2024-11-01,0.004197070068153703,0.00468592208549497,0.004220559958140857,-2.3489889987154088e-05,0.0004653621273541129
2024-11-04,-0.0028037252461527978,-0.0023847288417651615,-0.002153906679928652,-0.0006498185662241456,-0.00023082216183650936
2024-11-05,0.012414291541808427,0.012952355091342325,0.012091708046168215,0.00032258349564021245,0.0008606470451741101
2024-11-06,0.02519148371383087,0.025945752876097548,0.024865585678215618,0.0003258980356152519,0.0010801671978819295
2024-11-07,0.007577467368392205,0.009907360965874154,0.007732271136789315,-0.00015480376839711006,0.002175089829084839
2024-11-08,0.004264595637502207,0.0034452617014283887,0.004331637402957833,-6.704176545562629e-05,-0.0008863757015294444
2024-11-11,0.0009304526003079698,0.00023028126075117243,0.0009529298360098082,-2.2477235701838386e-05,-0.0007226485752586358
2024-11-12,-0.0027627936849015954,-0.0035253056335595384,-0.0031064472321096215,0.00034365354720802604,-0.00041885840144991696
2024-11-13,0.0002647661958295447,-0.0008243948607770523,0.00048566537717964486,-0.00022089918135010018,-0.0013100602379566971
2024-11-14,-0.0058139273425864965,-0.006327736559931307,-0.006430121854694826,0.0006161945121083293,0.00010238529476351912
2024-11-15,-0.013197107830248946,-0.014542237141856552,-0.01280850218584828,-0.000388605644400665,-0.0017337349560082715
2024-11-18,0.004192700871172073,0.004879334187272857,0.004097381706267278,9.531916490479464e-05,0.0007819524810055789
2024-11-19,0.004248418150665839,0.0046894980152240385,0.0036554827170298676,0.000592935433635971,0.0010340152981941709
2024-11-20,-4.2474209640352834e-05,0.0003551200278075798,0.00033869381016549127,-0.0003811680198058441,1.6426217642088537e-05
2024-11-21,0.004999214109246079,0.007640773773701558,0.0053683415882601615,-0.0003691274790140822,0.002272432185441396
2024-11-22,0.0034039302409330967,0.004677795382503934,0.003099488375636561,0.0003044418652965357,0.0015783070068673731
2024-11-25,0.0030024641245605813,0.004426431191903679,0.0033920479412503646,-0.0003895838166897833,0.0010343832506533148
2024-11-26,0.006086070760085935,0.004834459002911619,0.005221376941263234,0.0008646938188227012,-0.0003869179383516148
2024-11-27,-0.003825986412065136,-0.0056449479342783335,-0.003029956675746681,-0.0007960297363184547,-0.0026149912585316524
2024-11-29,0.005772660712953071,0.005830984017996687,0.006212168654423644,-0.00043950794147057295,-0.0003811846364269577
2024-12-02,0.0024999414743698553,0.004577726219619202,0.0017922584580638556,0.0007076830163059997,0.0027854677615553464
2024-12-03,0.0006825688413629516,0.0004674905014536799,0.0004638854809093651,0.00021868336045358647,3.605020544314788e-06
2024-12-04,0.006236943508937517,0.0073896180758236405,0.006209500212288388,2.744329664912913e-05,0.0011801178635352525
2024-12-05,-0.001546868788712526,-0.0031997055990629197,-0.00164570260080521,9.883381209268411e-05,-0.0015540029982577096
2024-12-06,0.002592992420219387,0.003831619996828071,0.0018957391595642026,0.0006972532606551846,0.0019358808372638685
2024-12-09,-0.00587915311786989,-0.005788007636211538,-0.005149626292031972,-0.0007295268258379175,-0.0006383813441795654
2024-12-10,-0.002840918296333498,-0.005268316784045849,-0.0031091188730399955,0.00026820057670649735,-0.002159197911005854
2024-12-11,0.008334446975579437,0.009008478240016148,0.0077306637810579115,0.0006037831945215257,0.0012778144589582364
2024-12-12,-0.005364977454308814,-0.005238878768320588,-0.005152593115945736,-0.0002123843383630775,-8.628565237485224e-05
2024-12-13,0.0001077995100960728,-0.00020452109827658768,-0.0001987246258569053,0.0003065241359529781,-5.796472419682363e-06
2024-12-16,0.004105388514269802,0.004623239012525647,0.004269983995014881,-0.00016459548074507918,0.00035325501751076564
2024-12-17,-0.0036684111725098665,-0.0043032308581812135,-0.004119951004549094,0.0004515398320392274,-0.00018327985363211959
2024-12-18,-0.02953063818768551,-0.030533604866461853,-0.029803473706515593,0.0002728355188300821,-0.0007301311599462595
2024-12-19,-0.001033441947181717,-0.0018108674014831949,-0.000306999319557244,-0.0007264426276244729,-0.0015038680819259508
2024-12-20,0.010951674957825475,0.012012462445212278,0.01201088957923413,-0.0010592146214086547,1.5728659781485965e-06
2024-12-23,0.007635240699333465,0.007648250247597384,0.005988323763746806,0.0016469169355866594,0.0016599264838505785
2024-12-24,0.011114025188163072,0.010787857675353377,0.011115065448212613,-1.0402600495416914e-06,-0.0003272077728592362
2024-12-26,-0.0002940215381893741,-0.0003729387363889173,6.652365111459169e-05,-0.00036054518930396577,-0.000439462387503509
2024-12-27,-0.011025205569749784,-0.011124253739556458,-0.010526513060112985,-0.0004986925096367983,-0.0005977406794434731
2024-12-30,-0.010624300405792401,-0.01130192590879331,-0.011411712672685148,0.000787412266892747,0.00010978676389183754
2024-12-31,-0.004343586031372296,-0.004419100247920563,-0.0036379457138790983,-0.000705640317493198,-0.0007811545340414647
2025-01-02,-0.002101042809026935,-0.0017529876900254995,-0.002457043731384778,0.0003560009223578433,0.0007040560413592786
2025-01-03,0.012818014095108408,0.013615565775645076,0.012503472598431431,0.0003145414966769771,0.0011120931772136446
2025-01-06,0.005817177796377248,0.0070369362422019605,0.005760666087019084,5.651170935816376e-05,0.0012762701551828765
2025-01-07,-0.011485338943227355,-0.011430248955192502,-0.011304118200672453,-0.00018122074255490228,-0.0001261307545200492
2025-01-08,0.001429481423406155,0.0007363240232722267,0.0014609389751862878,-3.1457551780132795e-05,-0.0007246149519140611
2025-01-10,-0.01523042220330787,-0.016038775295521904,-0.015267481874933542,3.705967162567249e-05,-0.000771293420588362
2025-01-13,0.0013880326967313456,0.00023022224761259463,0.0015505471876331445,-0.00016251449090179892,-0.0013203249400205498
2025-01-14,0.00078181012657101,0.0022376292745201953,0.0013758227325151307,-0.0005940126059441206,0.0008618065420050646
2025-01-15,0.018848491615060182,0.018384897922443626,0.01818998067369071,0.000658510941369473,0.00019491724875291688
2025-01-16,-0.002456217867419669,-0.001988121127749545,-0.001922965434359436,-0.0005332524330602332,-6.515569339010912e-05
2025-01-17,0.010150673768349223,0.010638884017340216,0.010039847926063716,0.00011082584228550713,0.0005990360912764992
2025-01-21,0.008733590110936301,0.009701152197941822,0.00915337711919939,-0.00041978700826308946,0.0005477750787424313
2025-01-22,0.0061785519932659036,0.007751891871727311,0.005621571292272476,0.0005569807009934277,0.0021303205794548355
2025-01-23,0.005403475768974247,0.0051092613762588205,0.005458124141488607,-5.464837251436053e-05,-0.0003488627652297868
2025-01-24,-0.0027856197601427166,-0.0036557893141477486,-0.002919379805443101,0.00013376004530038423,-0.0007364095087046478
2025-01-27,-0.014727420137492448,-0.017719088460766128,-0.014145267289494612,-0.0005821528479978359,-0.0035738211712715157
2025-01-28,0.00949491913178282,0.009612944192001207,0.008592344588856049,0.000902574542926771,0.0010205996031451576
2025-01-29,-0.004770050654616499,-0.004491459355663815,-0.004483022040526308,-0.00028702861409019096,-8.437315137507263e-06
2025-01-30,0.005086049013037295,0.0060003327104147935,0.005367181849862845,-0.0002811328368255506,0.0006331508605519481
2025-01-31,-0.004941333767377871,-0.004476150623983408,-0.005321847370101107,0.00038051360272323576,0.0008456967461176988
2025-02-03,-0.007649064495350665,-0.008157382367897084,-0.006729751225148517,-0.0009193132702021477,-0.0014276311427485668
2025-02-04,0.007358368295861144,0.008172506789635143,0.006708327541154135,0.0006500407547070089,0.0014641792484810078
2025-02-05,0.0037120174012761904,0.005001782540699759,0.004054706329101654,-0.00034268892782546344,0.0009470762115981052
2025-02-06,0.0037638339146094943,0.0028560230223611187,0.003475613674087885,0.0002882202405216092,-0.0006195906517267665
2025-02-07,-0.009511168511178406,-0.009102184974014068,-0.009153582388062631,-0.00035758612311577453,5.13974140485627e-05
2025-02-10,0.00698595440820335,0.007983077265364189,0.006791192125803924,0.00019476228239942613,0.0011918851395602646
2025-02-11,0.00040326513577302345,-0.0005595499056280081,0.000760531944440368,-0.00035726680866734453,-0.0013200818500683762
2025-02-12,-0.002498847659753713,-0.0024940245259456183,-0.0032214928773622864,0.0007226452176085736,0.0007274683514166681
2025-02-13,0.010545865895794438,0.011026741958802983,0.010557465543251876,-1.1599647457437648e-05,0.0004692764155511068
2025-02-14,0.00015011634717209608,0.0002922030072289054,-4.9152160770615794e-05,0.00019926850794271188,0.0003413551679995212
2025-02-18,0.0025974546354877396,0.004758256577210353,0.002935868815777898,-0.0003384141802901582,0.0018223877614324552
2025-02-19,0.002210337790405343,0.0021809957346213106,0.0023550445617528393,-0.00014470677134749638,-0.00017404882713152863
2025-02-20,-0.004088661690014657,-0.005083775412062891,-0.004160464644991091,7.180295497643402e-05,-0.0009233107670718003
2025-02-21,-0.016898639522699273,-0.019442765103052543,-0.01710398133557789,0.00020534181287861636,-0.002338783767474654
2025-02-24,-0.005080505206058791,-0.0061004961781078015,-0.0045505827357145145,-0.0005299224703442761,-0.001549913442393287
2025-02-25,-0.004881014037416935,-0.006059142077063748,-0.004973053296503771,9.203925908683568e-05,-0.0010860887805599767
2025-02-26,0.00015606739719244335,0.00197117222106562,0.0005046465936875411,-0.0003485791964950977,0.001466525627378079
2025-02-27,-0.016204000944579612,-0.019003935746797394,-0.01596193074154484,-0.0002420702030347735,-0.0030420050052525557
2025-02-28,0.016255836326591444,0.014514604675044715,0.015605821812948895,0.0006500145136425495,-0.0010912171379041796
2025-03-03,-0.017678503023611042,-0.01925204303185612,-0.01752007925928789,-0.0001584237643231512,-0.0017319637725682277
2025-03-04,-0.012164679632585763,-0.010572547937629297,-0.011836893452684794,-0.00032778617990096917,0.0012643455150554966
2025-03-05,0.011123187059973816,0.011375477547280077,0.010747808210532117,0.0003753788494416984,0.0006276693367479602
2025-03-06,-0.01788351961520764,-0.019877431122894033,-0.017751102879487224,-0.00013241673572041493,-0.002126328243406809
2025-03-07,0.00562149350278427,0.007117505984941496,0.0056047548786040124,1.6738624180257476e-05,0.0015127511063374836
2025-03-10,-0.02712036824893355,-0.028643321430430198,-0.02663534370144982,-0.00048502454748372906,-0.002007977728980377
2025-03-11,-0.007487488333287875,-0.0070700616896881745,-0.008313178432945767,0.0008256900996578918,0.0012431167432575925
2025-03-12,0.005137403712962857,0.005975213410183483,0.005306776431826643,-0.0001693727188637863,0.0006684369783568397
2025-03-13,-0.014041272483589653,-0.014573752557320532,-0.01333052797936185,-0.0007107445042278029,-0.001243224577958682
2025-03-14,0.02160316583626929,0.0231181763984974,0.02065582868057092,0.0009473371556983703,0.002462347717926479
2025-03-17,0.006391029172377883,0.008341310790517522,0.007711215109664327,-0.0013201859372864435,0.0006300956808531957
2025-03-18,-0.010721767184233889,-0.011059675854642442,-0.010808446655089399,8.667947085551006e-05,-0.0002512291995530429
2025-03-19,0.010955838127979293,0.01129347080250721,0.010890895685803592,6.494244217570069e-05,0.00040257511670361776
2025-03-20,-0.0017359899976055737,-0.0029833702021563554,-0.002891692811274549,0.001155702813668975,-9.16773908818066e-05
2025-03-21,0.0009426930432042506,0.0008432467648422268,0.0003298107530131933,0.0006128822901910573,0.0005134360118290336
2025-03-24,0.01771735577802319,0.01857064094596701,0.017908555198050014,-0.0001911994200268219,0.0006620857479169955
2025-03-25,0.0016192950982655732,0.0014554442889482975,0.0024037742901859005,-0.0007844791919203273,-0.000948330001237603
2025-03-26,-0.011276639714995955,-0.01255889869655228,-0.011938126986071662,0.0006614872710757076,-0.0006207717104806179
2025-03-27,-0.0033147604648084213,-0.005070790144224663,-0.0026556432337285774,-0.0006591172310798439,-0.0024151469104960856
2025-03-28,-0.019678725248653953,-0.020347305032716135,-0.020138390607440493,0.00045966535878654013,-0.0002089144252756421
2025-03-31,0.005458816923203228,0.004331746453757021,0.00671277169810125,-0.0012539547748980215,-0.002381025244344229
2025-04-01,0.0038388056475208874,0.004184860870306766,0.002824468752555598,0.0010143368949652896,0.0013603921177511684
2025-04-02,0.006681781698205074,0.007333221057307081,0.00632832407041195,0.00035345762779312364,0.0010048969868951306
2025-04-03,-0.04847783545567283,-0.053148467666473624,-0.04928069709227745,0.0008028616366046182,-0.0038677705741961763
2025-04-04,-0.05965986968648808,-0.06140093060989933,-0.05854306726048053,-0.0011168024260075488,-0.0028578633494188016
2025-04-07,-0.00212507364197174,0.0005211472116079713,-0.0017811321197329644,-0.0003439415222387756,0.0023022793313409355
2025-04-08,-0.01571594245602327,-0.01748409703321754,-0.01566283611567232,-5.310634035095296e-05,-0.001821260917545222
2025-04-09,0.09563810486409037,0.10180784629881481,0.10501934995636097,-0.009381245092270604,-0.003211503657546161
2025-04-10,-0.034335317349950774,-0.0374633161420708,-0.04381910665097133,0.009483789301020555,0.006355790508900526
2025-04-11,0.018326974782000308,0.017724031653748435,0.017842825299162257,0.0004841494828380505,-0.00011879364541382206
2025-04-14,0.007804707066385769,0.008398760102530493,0.009701552505080091,-0.0018968454386943216,-0.0013027924025495984
2025-04-15,-0.0015770023611696026,-0.0005179157547801357,-0.0028009238239182777,0.001223921462748675,0.002283008069138142
2025-04-16,-0.02272714636642009,-0.023096936478703457,-0.02222803272207108,-0.0004991136443490106,-0.000868903756632379
2025-04-17,0.0012634448237217515,0.0012039718581023863,0.0014268092873082061,-0.00016336446358645464,-0.0002228374292058198
2025-04-21,-0.023699222240062146,-0.023818156032304895,-0.023802643664465384,0.00010342142440323762,-1.55123678395111e-05
2025-04-22,0.02504644958328289,0.02500243581658274,0.026017697286444985,-0.000971247703162096,-0.0010152614698622463
2025-04-23,0.016976090478006304,0.018555330301601947,0.015495355748962103,0.001480734729044201,0.0030599745526398436
2025-04-24,0.02041640914778527,0.02413049413999343,0.021049134902774158,-0.000632725754988888,0.003081359237219271
2025-04-25,0.00775946640077083,0.008157840214000572,0.007225151050962442,0.0005343153498083885,0.0009326891630381303
2025-04-28,0.0005572711161675444,0.0005990767523477331,0.00038141420809401083,0.00017585690807353353,0.00021766254425372225
2025-04-29,0.005836350655307113,0.005595068275337461,0.006299340378101537,-0.00046298972279442373,-0.0007042721027640756
2025-04-30,0.0014032770068155213,0.001603861458925125,0.000396812712974981,0.0010064642938405403,0.001207048745950144
2025-05-01,0.006517231759474095,0.0061333579326790745,0.007086915718260034,-0.0005696839587859392,-0.0009535577855809595
2025-05-02,0.014676577285022127,0.01595701477287764,0.014844241310975725,-0.0001676640259535983,0.0011127734619019135
2025-05-05,-0.006422275726894484,-0.006052584640720831,-0.005734294466325229,-0.0006879812605692544,-0.00031829017439560185
2025-05-06,-0.007741069532218518,-0.007505832318969366,-0.008358430352621848,0.0006173608204033303,0.0008525980336524823
2025-05-07,0.004285176019450209,0.0056702501180869985,0.00420554784974847,7.962816970173876e-05,0.0014647022683385285
2025-05-08,0.0056648395548161085,0.007535166991696682,0.006967790512363292,-0.0013029509575471837,0.0005673764793333895
2025-05-09,-0.0005839047917132797,-0.0003342928569261576,-0.0012741154091596707,0.000690210617446391,0.0009398225522335131
2025-05-12,0.03280586426109803,0.03524813746539697,0.03304739833427317,-0.00024153407317514114,0.0022007391311237995
2025-05-13,0.007396138269886404,0.009831435857532192,0.006603834423700716,0.0007923038461856878,0.003227601433831476
2025-05-14,0.0013397092084707347,0.0014383165160146564,0.0012780596636838837,6.164954478685104e-05,0.0001602568523307727
2025-05-15,0.004175481955816964,0.00359952435388271,0.004884342398821628,-0.0007088604430046646,-0.0012848180449389185
2025-05-16,0.007177987620601496,0.006848586325393002,0.006334078244299102,0.0008439093763023941,0.0005145080810939002
2025-05-19,0.0010288255400618981,8.078816970863118e-05,0.0010938140906693317,-6.498855060743354e-05,-0.0010130259209607006
2025-05-20,-0.0038356042377758457,-0.0036707886437762536,-0.003362128049795521,-0.0004734761879803249,-0.00030866059398073275
2025-05-21,-0.016132403852732687,-0.016803379271016182,-0.01685079340484308,0.000718389552110392,4.7414133826896576e-05
2025-05-22,-0.0003427917567037937,-0.0011670533095609135,0.0003946470773714683,-0.000737438834075262,-0.0015617003869323818
2025-05-23,-0.0066898334519208316,-0.007088885918259174,-0.006825886893621624,0.00013605344170079282,-0.0002629990246375497
2025-05-27,0.02044800871417079,0.02059111040153272,0.020790776540780653,-0.00034276782660986466,-0.00019966613924793375
2025-05-28,-0.005453190610402464,-0.005889242542193217,-0.005785518908830278,0.00033232829842781437,-0.0001037236333629385
2025-05-29,0.003973467605673723,0.002751895920898583,0.0039473827948730555,2.608481080066706e-05,-0.0011954868739744726
2025-05-30,4.7686063161087394e-05,2.834232974879677e-06,-0.0011184568183596477,0.001166142881520735,0.0011212910513345273
2025-06-02,0.004362825955236403,0.004294749235892725,0.005633111214039088,-0.0012702852588026853,-0.001338361978146363
2025-06-03,0.005670203327416621,0.008069566369298455,0.005702380880463043,-3.217755304642158e-05,0.002367185488835412
2025-06-04,4.6258894152996934e-05,0.00041901222232786734,-0.0002683402981673577,0.00031459919232035467,0.0006873525204952251
2025-06-05,-0.005296652413416492,-0.004797549227053186,-0.004832872149647116,-0.0004637802637693757,3.532292259393003e-05
2025-06-06,0.010447277092832325,0.010675983921180666,0.010268979858962801,0.00017829723386952358,0.0004070040622178653
2025-06-09,0.0011657605362326224,0.0018855990005781002,0.0009012828881442836,0.0002644776480883388,0.0009843161124338167
2025-06-10,0.0056596237999575645,0.005974732516778219,0.005669767615193333,-1.0143815235768433e-05,0.0003049649015848862
2025-06-11,-0.002682071006928171,-0.002965003191749632,-0.0028521190306726174,0.00017004802374444641,-0.00011288416107701474
2025-06-12,0.0039027927840051724,0.0039272330029843676,0.003974329163849877,-7.153637984470438e-05,-4.7096160865509225e-05
2025-06-13,-0.011030164607927455,-0.012255510039028859,-0.01118006439646746,0.00014989978854000434,-0.0010754456425613994
2025-06-16,0.009354516661953154,0.011302396510799268,0.009514299887150468,-0.00015978322519731407,0.0017880966236488004
2025-06-17,-0.00819383649292351,-0.008902777459531948,-0.008545134095127027,0.00035129760220351663,-0.00035764336440492067
2025-06-18,-0.0003903065498734532,-0.0006044766788679193,-0.00015063575417118003,-0.00023967079570227316,-0.00045384092469673927
2025-06-20,-0.001977895151793186,-0.0022814577317648243,-0.002348535817909503,0.0003706406661163168,6.707808614467856e-05
2025-06-23,0.009575191326543971,0.009556481214852652,0.009877375905910313,-0.00030218457936634184,-0.00032089469105766114
2025-06-24,0.010974271866848304,0.012739024592529983,0.011047208993087754,-7.29371262394498e-05,0.0016918155994422295
2025-06-25,0.00017801339319245568,0.0004282713172169541,0.0005603646306042709,-0.0003823512374118152,-0.00013209331338731676
2025-06-26,0.007921749846571747,0.008181483583371599,0.007823779874487347,9.796997208440066e-05,0.00035770370888425253
2025-06-27,0.005430341862357912,0.004110563142763347,0.0049683317640052405,0.00046201009835267117,-0.0008577686212418931
2025-06-30,0.005109158654815452,0.005984337085834765,0.004781206068339872,0.0003279525864755802,0.0012031310174948932
2025-07-01,-0.001424353532046712,-0.0012845415149982697,-0.0003235797161743603,-0.0011007738158723517,-0.0009609617988239093
2025-07-02,0.0048392891284595365,0.005315600163854204,0.0045333761723596044,0.00030591295609993206,0.0007822239914945994
2025-07-03,0.008550510349309407,0.009749040031471352,0.007881385172987976,0.000669125176321431,0.0018676548584833762
2025-07-07,-0.0077386056837215325,-0.008232436127994583,-0.0074522132118458595,-0.000286392471875673,-0.0007802229161487234
2025-07-08,-0.0008656337603280605,0.00018883692575460208,-0.0005476171019968001,-0.00031801665833126034,0.0007364540277514022
2025-07-09,0.006255642982966814,0.0057732178894153875,0.005996626767211355,0.00025901621575545944,-0.00022340887779596745
2025-07-10,0.0029657077856594057,0.001337504209963818,0.002820211585405019,0.0001454962002543866,-0.0014827073754412011
2025-07-11,-0.003234715752775121,-0.004614885960387148,-0.003515227505248797,0.00028051175247367603,-0.0010996584551383514
2025-07-14,0.0014157298166083325,0.0014613768382742208,0.0019081170382848622,-0.0004923872216765297,-0.00044674020001064145
2025-07-15,-0.0036894088824589413,-0.003267030570352254,-0.004273265144196681,0.0005838562617377393,0.0010062345738444268
2025-07-16,0.0032086344202419,0.0029314224364991276,0.0033431911185151097,-0.00013455669827320974,-0.0004117686820159822
2025-07-17,0.0051277200854898215,0.005816234087131648,0.006119689977517551,-0.0009919698920277291,-0.0003034558903859024
2025-07-18,-0.00010054251249459471,0.0006758379826024705,-0.0007324129021104575,0.0006318703896158628,0.0014082508847129281
2025-07-21,0.0015520674529723364,0.0013064205142395908,0.001896175165666536,-0.0003441077126941996,-0.0005897546514269452
2025-07-22,0.0003549540943201744,6.4231027019978555e-06,0.0001431211632245688,0.00021183293109560558,-0.00013669806052257093
2025-07-23,0.007759734140566263,0.006718850365275792,0.00850744324203112,-0.0007477091014648574,-0.0017885928767553284
2025-07-24,0.00072732860654662,6.173688279853858e-05,0.00033114960935609616,0.0003961789971905238,-0.00026941272655755757
2025-07-25,0.0038207628849698107,0.0039076066664532,0.004224349640319147,-0.0004035867553493365,-0.00031674297386594715
2025-07-28,0.000368288882506717,0.0014355859651101293,-0.0002511001451916961,0.0006193890276984131,0.0016866861103018254
2025-07-29,-0.0028175628555706356,-0.0023153742228378075,-0.0026376486020820433,-0.0001799142534885923,0.00032227437924423584
2025-07-30,-0.0008010971366573603,-0.0006251809065481289,-0.001259331011043141,0.00045823387438578074,0.0006341501044950121
2025-07-31,-0.003433076594541735,-0.005130278846192457,-0.0037512265266995692,0.0003181499321578342,-0.0013790523194928874
2025-08-01,-0.016108260775367072,-0.016315541633263743,-0.016390466901213152,0.0002822061258460802,7.492526794940918e-05
2025-08-04,0.014958627438126988,0.014882412551885367,0.015199913193138181,-0.00024128575501119326,-0.0003175006412528148
2025-08-05,-0.004519916380137962,-0.006239374601234461,-0.005069966077998811,0.0005500496978608493,-0.0011694085232356504
2025-08-06,0.0074949921987896,0.007115403961584251,0.007659581475386812,-0.00016458927659721186,-0.0005441775138025611
2025-08-07,-0.0008140331124498595,-0.0011056403894900487,-0.000837526803775912,2.3493691326052584e-05,-0.00026811358571413664
2025-08-08,0.008401497365025703,0.007608410199894555,0.007797475344291982,0.0006040220207337212,-0.00018906514439742672
2025-08-11,-0.0023657852322980207,-0.0033319634824475943,-0.0019774432364148,-0.0003883419958832209,-0.0013545202460327945
2025-08-12,0.011418343748804145,0.012928219732998143,0.010646017662282237,0.000772326086521908,0.002282202070715906
2025-08-13,0.00298342035834337,0.004005925407767725,0.003423147456803166,-0.0004397270984597963,0.0005827779509645593
2025-08-14,0.0005809767117965395,-0.0008013069551823072,9.296545483872265e-05,0.0004880112569578169,-0.0008942724100210298
2025-08-15,-0.0026978482705660163,-0.002815206844419691,-0.002341290080229208,-0.00035655819033680826,-0.00047391676419048304
2025-08-18,-0.00025248077310432174,0.0009540455431124431,-0.00021744013365154746,-3.504063945277428e-05,0.0011714856767639907
2025-08-19,-0.005950883435113832,-0.006276157481020589,-0.0054252252305696524,-0.0005256582045441794,-0.0008509322504509365
2025-08-20,-0.0025914009060809522,-0.0030974228127257407,-0.0026570836306466505,6.56827245656983e-05,-0.0004403391820790902
2025-08-21,-0.003856531973625214,-0.0038167882869343493,-0.004011725826335022,0.0001551938527098078,0.00019493753940067263
2025-08-22,0.01513465109009988,0.016299189492324506,0.015356788214081707,-0.00022213712398182726,0.0009424012782427993
2025-08-25,-0.004168857982469536,-0.00430642523059009,-0.0044010616726667395,0.00023220369019720348,9.463644207664997e-05
2025-08-26,0.004205550984622047,0.0035474730117664335,0.004186940142142603,1.861084247944348e-05,-0.0006394671303761698
2025-08-27,0.0023507136617915312,0.003058799335556721,0.0022785132820093423,7.22003797821889e-05,0.0007802860535473786
2025-08-28,0.0031121978023232358,0.004232720281843724,0.003541362732142783,-0.0004291649298195474,0.0006913575497009411
2025-08-29,-0.006353812924184901,-0.0071182942270805105,-0.0059636816039791984,-0.0003901313202057024,-0.001154612623101312
2025-09-02,-0.006676940626064222,-0.007106014172334524,-0.007410200132466738,0.0007332595064025154,0.00030418596013221354
2025-09-03,0.005347943131082005,0.004981141488129468,0.005419463056600904,-7.151992551889929e-05,-0.0004383215684714359
2025-09-04,0.008539314102154508,0.008240130568795807,0.008357456059411517,0.00018185804274299146,-0.00011732549061570924
2025-09-05,-0.003077448499251164,-0.0008912704264368477,-0.0028962430390079286,-0.00018120546024323527,0.002004972612571081
2025-09-08,0.0021282725418794264,0.002773099042406757,0.0024566370092480305,-0.00032836446736860415,0.0003164620331587266
2025-09-09,0.002920112286228153,0.0027180887477466775,0.002311825610804341,0.0006082866754238119,0.0004062631369423364
2025-09-10,0.0033498954173625693,0.002743648480259832,0.00289075963033647,0.0004591357870260991,-0.0001471111500766383
2025-09-11,0.008301921730880988,0.00904801070125304,0.008310359891924524,-8.438161043535647e-06,0.0007376508093285168
2025-09-12,-0.00014508773342051298,-0.0015420668391860415,-0.0003347065098450175,0.0001896187764245045,-0.001207360329341024
2025-09-15,0.005139326693333752,0.005341020992430873,0.005323952420932088,-0.00018462572759833564,1.706857149878522e-05
2025-09-16,-0.001114354650814356,-0.00090807469061777,-0.0013767927852816886,0.0002624381344673325,0.00046871809466391854
2025-09-17,-0.0010847299307948485,-0.0002748645284034937,-0.0012424352925486382,0.00015770536175378964,0.0009675707641451445
2025-09-18,0.004735104009062266,0.0078203214858553,0.004672351764394733,6.275224466753288e-05,0.003147969721460567
2025-09-19,0.004989505486336217,0.004627796650458129,0.004952968179340322,3.653730699589453e-05,-0.0003251715288821932
2025-09-22,0.004613978785995081,0.006118850067409476,0.004731007968096224,-0.00011702918210114259,0.0013878420993132523
2025-09-23,-0.005647724474021908,-0.005956138165797947,-0.0054434748398075605,-0.0002042496342143478,-0.0005126633259903866
2025-09-24,-0.002834147758566895,-0.0033343079463244575,-0.003181633452613686,0.00034748569404679077,-0.0001526744937107717
2025-09-25,-0.004832127937918805,-0.0051801180562216905,-0.0046134974884720625,-0.00021863044944674288,-0.000566620567749628
2025-09-26,0.005716524745707833,0.0056184240239164265,0.005729144366994232,-1.2619621286399235e-05,-0.00011072034307780566
2025-09-29,0.0020209292616843776,0.002149435836910972,0.0028103664411398555,-0.0007894371794554779,-0.0006609306042288836
2025-09-30,0.004049402293053998,0.0036050714164876387,0.0037668667591119753,0.00028253553394202297,-0.00016179534262433662
2025-10-01,0.0036046059063307248,0.00416203949771377,0.0034075694259330103,0.0001970364803977145,0.0007544700717807594
2025-10-02,0.0005503070615459194,0.0019094955263644318,0.001151711603039951,-0.0006014045414940316,0.0007577839233244808
2025-10-03,0.00013290527192632556,-0.0004385261967719248,-1.4767362221612679e-05,0.00014767263414793824,-0.00042375883455031215
2025-10-06,0.0036995420982304716,0.004733765459355363,0.003586228910336109,0.0001133131878943627,0.0011475365490192539
2025-10-07,-0.0037758558402546743,-0.005121631618922733,-0.003707492250961897,-6.836358929277744e-05,-0.0014141393679608363
2025-10-08,0.0059567335462436,0.008191191681673636,0.005963052412792269,-6.318866548668707e-06,0.0022281392688813673
2025-10-09,-0.00247786232851532,-0.003165715935877843,-0.0028970083792374535,0.00041914605072213354,-0.00026870755664038957
2025-10-10,-0.02720020977766639,-0.02990211350340829,-0.02702782789908964,-0.00017238187857674878,-0.002874285604318648
2025-10-13,0.01578774868666002,0.017568192995653202,0.015344074693208754,0.00044367399345126776,0.0022241183024444486
2025-10-14,-0.0017790997808175976,-0.002341830970498561,-0.0012216548034567065,-0.000557444977360891,-0.0011201761670418544
2025-10-15,0.004308614396663998,0.005153955702257211,0.004439615866679292,-0.00013100147001529356,0.000714339835577919
2025-10-16,-0.006046916680304987,-0.0058315917730549305,-0.006810260525524803,0.0007633438452198157,0.0009786687524698722
2025-10-17,0.005308476763273155,0.004569260049754245,0.005676300358907982,-0.0003678235956348268,-0.0011070403091537366
2025-10-20,0.010837216531310862,0.011079635765996802,0.010400475399621634,0.00043674113168922814,0.0006791603663751679
2025-10-21,-0.00016712514497131865,0.0010172721852167107,-1.4995920012528252e-05,-0.0001521292249587904,0.001032268105229239
2025-10-22,-0.005300617030000999,-0.006848316184296104,-0.005198815962920711,-0.00010180106708028783,-0.0016495002213753928
2025-10-23,0.005763740992346079,0.006911212662200727,0.005929891190499692,-0.00016615019815361277,0.0009813214717010353
2025-10-24,0.008146265599822637,0.008057160346907528,0.008172571104630766,-2.6305504808128363e-05,-0.00011541075772323814
2025-10-27,0.012540443820421075,0.012588473020231576,0.011797712023148943,0.0007427317972721319,0.0007907609970826332
2025-10-28,0.002731933089141906,0.0015684910151658475,0.002655998956591077,7.593413255082898e-05,-0.0010875079414252294
2025-10-29,0.00011991181095063401,-0.0005920286253046592,0.0004802976988058649,-0.0003603858878552309,-0.0010723263241105242
2025-10-30,-0.010193319912326693,-0.009519626974834024,-0.010998144919191377,0.0008048250068646845,0.001478517944357353
2025-10-31,0.002827467268706883,0.0039876710004201855,0.0032802806107155025,-0.0004528133420086196,0.000707390389704683
2025-11-03,0.0019007880202902483,0.0013772580571261338,0.0018766870879645126,2.41009323257357e-05,-0.0004994290308383787
2025-11-04,-0.01172268562558549,-0.014820902640402476,-0.011853539942447533,0.00013085431686204324,-0.0029673626979549433
2025-11-05,0.003384246934570154,0.005063069765106831,0.003465389196996238,-8.11422624260841e-05,0.001597680568110593
2025-11-06,-0.011270616654774416,-0.012156269655531052,-0.010729333212666003,-0.0005412834421084124,-0.0014269364428650486
2025-11-07,0.0011906699887091528,0.0009129516698857438,0.0009845075813768034,0.00020616240733234946,-7.155591149105955e-05
2025-11-10,0.01577302234553681,0.016041655290346794,0.015604434791510524,0.00016858755402628448,0.0004372204988362695
2025-11-11,0.0021786694796131234,0.00022052533110585208,0.0022891497024457585,-0.0001104802228326352,-0.0020686243713399066
2025-11-12,0.0006123482849061075,0.0012382590467873568,0.0005563986064420767,5.594967846403074e-05,0.00068186044034528
2025-11-13,-0.016605851514774343,-0.018154508618958138,-0.016594021470737852,-1.18300440364906e-05,-0.001560487148220286
2025-11-14,-0.00011099940692878647,-0.00013287465109249345,-0.00016358609958400105,5.2586692655214585e-05,3.07114484915076e-05
2025-11-17,-0.008993426360674362,-0.01085663723671882,-0.009316523930962162,0.00032309757028779924,-0.0015401133057566588
2025-11-18,-0.008344729050637404,-0.008687211160542037,-0.00839746055820656,5.2731507569155414e-05,-0.0002897506023354767
2025-11-19,0.003852377402887449,0.0035798743521179904,0.003863199783587179,-1.0822380699730162e-05,-0.00028332543146918857
2025-11-20,-0.015370002094815849,-0.017564976620048665,-0.015242336682765423,-0.0001276654120504258,-0.002322639937283242
2025-11-21,0.009678852685349643,0.010899650666075464,0.009961222976632822,-0.00028237029128317867,0.0009384276894426422
2025-11-24,0.01596067724384149,0.01617595068238375,0.014718507062180475,0.0012421701816610169,0.0014574436202032769
2025-11-25,0.008956954297655643,0.009616457364846457,0.00940589965210692,-0.00044894535445127656,0.00021055771273953763
2025-11-26,0.006982481349299448,0.007025581975834362,0.006903575013019525,7.89063362799233e-05,0.00012200696281483656
2025-11-28,0.005403409308201707,0.006552116220042012,0.005458406338614941,-5.499703041323377e-05,0.001093709881427071
2025-12-01,-0.00517680090560366,-0.004734432301441133,-0.004565415602551193,-0.0006113853030524675,-0.00016901669888993998
2025-12-02,0.00254522392209657,0.004233516047074063,0.0018522092741120044,0.0006930146479845658,0.0023813067729620586
2025-12-03,0.0029329487268237916,0.0044652450767024175,0.0034627677932603795,-0.000529819066436588,0.001002477283442038
2025-12-04,0.0011941354435306929,0.001917412144332095,0.0007310561539983773,0.0004630792895323156,0.0011863559903337176
2025-12-05,0.002160001499051455,0.0032586653168228553,0.0018995368427094927,0.0002604646563419623,0.0013591284741133625
2025-12-08,-0.0034200214307097917,-0.002616721691922543,-0.0030042775146746914,-0.0004157439160351003,0.00038755582275214846
2025-12-09,-0.0008962275498471286,-0.0004637851838772497,-0.0008631449669616043,-3.3082582885524386e-05,0.00039935978308435453
2025-12-10,0.0065937994832359036,0.00726541497156588,0.00663226800901473,-3.846852577882656e-05,0.0006331469625511501
2025-12-11,0.0018001394321700004,0.0016801924725640266,0.002326948130527251,-0.0005268086983572506,-0.0006467556579632244
2025-12-12,-0.010534775921221698,-0.013038671800570525,-0.010752057995096265,0.00021728207387456712,-0.00228661380547426
2025-12-15,-0.0015876862540543737,-0.0026499841775893566,-0.0015107978831542246,-7.688837090014914e-05,-0.001139186294435132
2025-12-16,-0.0023955640565879116,-0.0021490044277217464,-0.00273229759527871,0.0003367335386907982,0.0005832931675569634
2025-12-17,-0.011616321788365557,-0.012496221860138339,-0.011003620102041367,-0.0006127016863241904,-0.001492601758096972
2025-12-18,0.008068552965432152,0.00850970721657581,0.0075513325776148665,0.0005172203878172858,0.0009583746389609429
2025-12-19,0.008831332677618063,0.009816425748536223,0.009063445479451815,-0.00023211280183375177,0.0007529802690844078
2025-12-22,0.0066106710966344516,0.006831454070457526,0.006229892278320159,0.0003807788183142922,0.0006015617921373666
2025-12-23,0.004665806028799125,0.0032189347938905094,0.004570454818432879,9.535121036624659e-05,-0.0013515200245423692
2025-12-24,0.003287248335344322,0.0030851504978763027,0.0035176203055324873,-0.0002303719701881651,-0.00043246980765618455
2025-12-26,-0.00019406965026291348,0.00010807750882003115,-0.00010141503224314619,-9.265461801976729e-05,0.00020949254106317734
2025-12-29,-0.0034898355643806847,-0.003615673884804156,-0.003563628207054803,7.379264267411839e-05,-5.204567774935286e-05
2025-12-30,-0.0013242046809710725,-0.0018132381784843649,-0.0012211007345822589,-0.00010310394638881368,-0.000592137443902106
2025-12-31,-0.007235041822924282,-0.008096584375916658,-0.007408967373390696,0.0001739255504664139,-0.0006876170025259618
2026-01-02,0.0019189003029203237,0.0021196090579085327,0.0018330397334518356,8.58605694684881e-05,0.00028656932445669716
2026-01-05,0.00638365437584957,0.006480431688012796,0.006660113816063129,-0.0002764594402135589,-0.00017968212805033294
2026-01-06,0.00571378132628303,0.008330933534692782,0.005947183373089304,-0.00023340204680627388,0.0023837501616034776
2026-01-07,-0.0031498546501319124,-0.004284401433167517,-0.0032233567922274053,7.350214209549295e-05,-0.0010610446409401115
2026-01-08,-4.7281990436107474e-05,-0.0015057191250630677,-0.00010153268198576093,5.4250691549653457e-05,-0.0014041864430773068
2026-01-09,0.006397708324246083,0.006998877279163694,0.006613342394092614,-0.0002156340698465306,0.00038553488507107967
2026-01-12,0.0016429471544978135,0.0017956576973258789,0.0015704538117717881,7.249334272602537e-05,0.00022520388555409077
2026-01-13,-0.001833266124061746,-0.002155287832990989,-0.0019994751058702853,0.00016620898180853935,-0.0001558127271207039
2026-01-14,-0.0054748227146896545,-0.005635442165233161,-0.0049152373416185835,-0.000559585373071071,-0.0007202048236145779
2026-01-15,0.002515077834638193,0.002499394855251284,0.0027232143965294497,-0.00020813656189125687,-0.00022381954127816562
2026-01-16,-0.0005850030994418296,-0.0009442372688059547,-0.0008378739908954103,0.00025287089145358064,-0.00010636327791054446
2026-01-20,-0.02083666590990287,-0.021487201027751816,-0.020356785723545046,-0.0004798801863578235,-0.00113041530420677
2026-01-21,0.011413867207164159,0.012841900501680284,0.011541079202094462,-0.0001272119949303034,0.001300821299585822
2026-01-22,0.00549114571454988,0.006579780382816798,0.005223230019727687,0.00026791569482219335,0.0013565503630891106
2026-01-23,0.0006025507637017136,-0.0006246443270028634,0.0003627802397405677,0.0002397705239611459,-0.000987424566743431
2026-01-26,0.004977058690794059,0.0056294890977464165,0.005078147060609828,-0.0001010883698157692,0.0005513420371365887
2026-01-27,0.004163243058722255,0.004316162434270887,0.003984264729684606,0.00017897832903764933,0.0003318977045862811
2026-01-28,-0.0004377400618508852,0.0005254667615061323,-0.00010066990364987483,-0.00033707015820101037,0.0006261366651560071
2026-01-29,-0.0018154578071641733,-0.004747316500329475,-0.0019843824489698125,0.00016892464180563922,-0.002762934051359662
2026-01-30,-0.004168302124068775,-0.006948340117725112,-0.0029825802604032114,-0.0011857218636655634,-0.0039657598573219
2026-02-02,0.004929135705613016,0.005885400709851372,0.004971362130935519,-4.2226425322503154e-05,0.0009140385789158526
2026-02-03,-0.008484073277973531,-0.012065274695839092,-0.00845539643070059,-2.8676847272941092e-05,-0.003609878265138502
2026-02-04,-0.005251354516451099,-0.004074715298543246,-0.004843921678897134,-0.00040743283755396466,0.0007692063803538879
2026-02-05,-0.012073795868506518,-0.013047884923325917,-0.012489211256201727,0.0004154153876952081,-0.0005586736671241901
2026-02-06,0.019638116219047833,0.02222540113542411,0.019184711840951385,0.0004534043780964475,0.0030406892944727267
2026-02-09,0.005044402612552495,0.006297335523260713,0.004821832103010459,0.00022257050954203536,0.0014755034202502534
2026-02-10,-0.0033834208643165205,-0.0026767748620727047,-0.002637160432080843,-0.0007462604322356777,-3.961442999186188e-05
2026-02-11,-0.0003520621280870392,-0.0013151890163053688,-0.00023105881441631837,-0.0001210033136707208,-0.0010841302018890504
2026-02-12,-0.01598099462481438,-0.01815246246674106,-0.0154488742279012,-0.0005321203969131799,-0.002703588238839861
2026-02-13,0.0004972629107705535,0.0033870590176750134,0.0007044854938154099,-0.0002072225830448564,0.0026825735238596034
2026-02-17,0.001352769967257508,-0.0006042428413785258,0.0016134664707250224,-0.00026069650346751435,-0.0022177093121035483
2026-02-18,0.005707598720052996,0.006596245252698055,0.005037758541617032,0.0006698401784359636,0.0015584867110810226
2026-02-19,-0.0026284568430543272,-0.0037015851945627377,-0.0026374339404172664,8.977097362939182e-06,-0.0010641512541454713
2026-02-20,0.006957129170935809,0.005990617467512012,0.007231864589122949,-0.0002747354181871402,-0.0012412471216109375
2026-02-23,-0.010275763071593263,-0.013070286982221688,-0.010211314710874664,-6.444836071859902e-05,-0.0028589722713470243
2026-02-24,0.007774829495721118,0.009346612770716512,0.00726845293039502,0.0005063765653260987,0.0020781598403214925
2026-02-25,0.008379582655334792,0.009658148368247401,0.008438348943581309,-5.876628824651696e-05,0.0012197994246660928
2026-02-26,-0.005695889330871206,-0.004160546380657444,-0.005554476391621099,-0.000141412939250107,0.0013939300109636552
2026-02-27,-0.004392725643626145,-0.004368203708029327,-0.004801943258527341,0.0004092176149011967,0.0004337395504980142
2026-03-02,0.0007971787576512014,0.001413090872953171,0.0005685787823312971,0.00022859997531990428,0.0008445120906218739
2026-03-03,-0.008840673041070444,-0.008556693127140103,-0.00881433848279567,-2.6334558274774753e-05,0.00025764535565556655
2026-03-04,0.00791782642212608,0.008971377464950777,0.007055308353084655,0.000862518069041425,0.0019160691118661217
2026-03-05,-0.005245980620385438,-0.003872653017189776,-0.005575546846393831,0.00032956622600839244,0.0017028938292040548
2026-03-06,-0.012930175476340995,-0.01352382580871159,-0.013107135070836495,0.00017695959449550054,-0.00041669073787509517
2026-03-09,0.008329334492887962,0.00877088160961371,0.008760025013039074,-0.00043069052015111235,1.0856596574635238e-05
2026-03-10,-0.0020509665401551983,-0.0031004681191140644,-0.0016071269053671289,-0.00044383963478806946,-0.0014933412137469355
2026-03-11,-0.0008531113271255684,-0.000752959311629396,-0.0012551629285171284,0.00040205160139156,0.0005022036168877324
2026-03-12,-0.015077526510285775,-0.01565654770993721,-0.015184948869363502,0.000107422359077727,-0.000471598840573708
2026-03-13,-0.006378128980409419,-0.0052182412558746645,-0.005660109501006372,-0.0007180194794030471,0.00044186824513170724
2026-03-16,0.009999358264101426,0.010239594283294191,0.010176866111483163,-0.00017750784738173632,6.272817181102869e-05
2026-03-17,0.0023965643364801895,0.0030088821115427235,0.00263055486997521,-0.00023399053349502062,0.0003783272415675133
2026-03-18,-0.01379825259845692,-0.01333675903936356,-0.013953645387120184,0.0001553927886632639,0.0006168863477566244
2026-03-19,-0.003019049432219061,-0.001365284208690034,-0.0024643404851918405,-0.0005547089470272206,0.0010990562765018064
2026-03-20,-0.014965544113901112,-0.015689390813341628,-0.01433577587250423,-0.000629768241396881,-0.001353614940837397
2026-03-23,0.011483857185246707,0.011571514446004082,0.01050001924493782,0.0009838379403088876,0.001071495201066263
2026-03-24,-0.004406097538036319,-0.004866263780907356,-0.0033568497522664664,-0.0010492477857698525,-0.0015094140286408897
2026-03-25,0.005485913601814421,0.005854477225057818,0.0055727589473859585,-8.684534557153786e-05,0.0002817182776718597
2026-03-26,-0.016710873791170904,-0.017428072830766073,-0.017858744158138706,0.0011478703669678021,0.000430671327372633
2026-03-27,-0.01701178356539097,-0.01817610808473966,-0.017051883523327982,4.009995793701274e-05,-0.0011242245614116776
2026-03-30,-0.003425811195148498,-0.005011161922080635,-0.0033434623831846144,-8.23488119638836e-05,-0.0016676995388960206
2026-03-31,0.029007671163204195,0.030242150627482076,0.02906792569891481,-6.025453571061393e-05,0.0011742249285672662
2026-04-01,0.006666563903986002,0.00705853844409311,0.007534463782890022,-0.00086789987890402,-0.00047592533879691184
2026-04-02,0.0009405961328727658,0.0021024214429263798,0.0009004744280911581,4.01217047816077e-05,0.0012019470148352217
2026-04-06,0.0046186864344883475,0.004578909124027436,0.004726797348638012,-0.00010811091414966462,-0.00014788822461057633
2026-04-07,0.0007154114984986624,0.0009226657387627268,0.0004400741058487867,0.0002753373926498757,0.0004825916329139401
2026-04-08,0.024351512515686333,0.024297324086902366,0.025469554638327674,-0.0011180421226413412,-0.001172230551425308
2026-04-09,0.006088680046062466,0.003002312945469824,0.00576909117108837,0.00031958887497409664,-0.0027667782256185457
2026-04-10,-0.0011531199751248701,-0.0028687919722268705,-0.0006617805145495703,-0.0004913394605752998,-0.0022070114576773
2026-04-13,0.00984701518828524,0.013602580931859358,0.009772397784351794,7.46174039334465e-05,0.0038301831475075643
2026-04-14,0.01222205376977221,0.010799623577653688,0.01218488075237012,3.7173017402089906e-05,-0.0013852571747164314
2026-04-15,0.008755951607482097,0.00985478595186938,0.007890994867038925,0.0008649567404431721,0.0019637910848304546
2026-04-16,0.0025403741797957744,0.0051568920433372615,0.002457311622604319,8.306255719145537e-05,0.0026995804207329424
2026-04-17,0.011816527673068521,0.011921747906484446,0.012085685130224011,-0.0002691574571554896,-0.00016393722373956449
2026-04-20,-0.0024685283164721517,-0.0002030613229975485,-0.001999667552905704,-0.0004688607635664477,0.0017966062299081555
2026-04-21,-0.00637669460500227,-0.004301109319248063,-0.006546949154936255,0.00017025454993398453,0.0022458398356881917
2026-04-22,0.010767864992588125,0.010816027791922717,0.010126696838070659,0.0006411681545174658,0.0006893309538520583
2026-04-23,-0.004363397386707787,-0.0065820644307388165,-0.0038807239498251933,-0.0004826734368825938,-0.002701340480913623
2026-04-24,0.007986844423559493,0.01012265659665817,0.007749297960024215,0.0002375464635352778,0.0023733586366339546
