Date,it_cs_5pp_return,nport_base_return,spy_return,active
2024-04-26,0.010032157557724745,0.010062137082742263,0.009473948179165692,0.0005582093785590526
2024-04-29,0.0031507865524581413,0.003158787182795721,0.0035414297461646704,-0.0003906431937065291
2024-04-30,-0.01595902277513197,-0.015579587956692065,-0.01584121643362124,-0.0001178063415107275
2024-05-01,-0.0032235035976082805,-0.003252332560077032,-0.0032471511531020347,2.3647555493754198e-05
2024-05-02,0.009284923293636447,0.00909262186905201,0.009353469116733182,-6.854582309673458e-05
2024-05-03,0.012658999573285992,0.012612916367272298,0.012395296652984111,0.0002637029203018809
2024-05-06,0.010755733096372865,0.010469746632294795,0.010326794652302018,0.0004289384440708463
2024-05-07,0.0007197898905563641,0.0013182994561209316,0.0011035533133769704,-0.0003837634228206063
2024-05-08,-0.00020118205736714562,-0.0001854820182011206,9.647562920434005e-05,-0.00029765768657148564
2024-05-09,0.005014432195668443,0.0051976683658248165,0.00576198905336911,-0.0007475568577006665
2024-05-10,0.002035806415761822,0.0017426237490962406,0.0012881037483014612,0.0007477026674603607
2024-05-13,0.00012002516624121677,-0.00010874213676215687,0.00013426244304337587,-1.4237276802159094e-05
2024-05-14,0.005033378199431824,0.004915739998869465,0.004588194592596295,0.0004451836068355289
2024-05-15,0.011973700291751141,0.011822564433925278,0.012383027069566177,-0.0004093267778150361
2024-05-16,-0.0015989119891881216,-0.0017694275300583066,-0.002057544692443347,0.0004586327032552256
2024-05-17,0.0009304376795818657,0.0011631542277471157,0.0014375154397507917,-0.0005070777601689259
2024-05-20,0.0017633641777619483,0.0010509317387141198,0.0011520458437725978,0.0006113183339893505
2024-05-21,0.001985014714276041,0.002413728064102029,0.0024524163177215286,-0.0004674016034454877
2024-05-22,-0.0019160440203529916,-0.00256552217890777,-0.0028790578048304427,0.0009630137844774511
2024-05-23,-0.007413577692745644,-0.006957575487492587,-0.007304272633687048,-0.0001093050590585962
2024-05-24,0.007205072786326659,0.0069482895247032096,0.0066165101077051425,0.0005885626786215166
2024-05-28,0.00038920875998941156,0.0004937893128978359,0.0006988453582048582,-0.0003096365982154466
2024-05-29,-0.007231069734772238,-0.00724851031351498,-0.007002454045067719,-0.00022861568970451978
2024-05-30,-0.005876394857505827,-0.006110949373995166,-0.006633881698410615,0.0007574868409047884
2024-05-31,0.00798929738606772,0.008268988955166728,0.009108137100940938,-0.0011188397148732179
2024-06-03,0.0014599998878804445,0.001594366961531697,0.000815398053666927,0.0006446018342135176
2024-06-04,0.0015689671209874957,0.0017471943789114928,0.00111774169742751,0.0004512254235599857
2024-06-05,0.012346962859965392,0.01203918511575794,0.011885286538725115,0.00046167632124027684
2024-06-06,-0.0002730390852828866,-0.00010456252625468717,-1.8709279545392477e-05,-0.0002543298057374941
2024-06-07,-0.0013245362403832576,-0.0008533244461298826,-0.0012156581825512047,-0.00010887805783205292
2024-06-10,0.0026663295774728884,0.002555303225380571,0.0030897925971888895,-0.0004234630197160012
2024-06-11,0.0023357313418203717,0.002653423572048276,0.0024081026725715216,-7.237133075114989e-05
2024-06-12,0.008542017016067922,0.008604358674439058,0.008213080638207026,0.0003289363778608955
2024-06-13,0.001746937770966679,0.0023466095529903848,0.0020135328811594633,-0.00026659511019278426
2024-06-14,-0.00014805928415244775,3.8557808779456476e-05,0.0006085511814017952,-0.000756610465554243
2024-06-17,0.007565367119168183,0.007630305690522389,0.00795864829453019,-0.00039328117536200757
2024-06-18,0.0025613755954708977,0.002479197970437154,0.0025407055123127797,2.0670083158117955e-05
2024-06-20,-0.002476344950146465,-0.002551434762156951,-0.00271641746130602,0.00024007251115955482
2024-06-21,-0.0008091204112279857,-0.0015022087976166811,-0.0013407061120768171,0.0005315857008488314
2024-06-24,-0.0033954153538548392,-0.0032714441478740117,-0.003250512653033333,-0.00014490270082150643
2024-06-25,0.00404967287822124,0.003935788241395999,0.0038508483762180745,0.00019882450200316582
2024-06-26,0.0013314006589102154,0.0017664511369809522,0.001248037323762441,8.336333514777448e-05
2024-06-27,0.0011828161430211925,0.0007736881287414897,0.0015762949369151347,-0.0003934787938939422
2024-06-28,-0.0034070820976349904,-0.0038838692173539338,-0.003934877537230652,0.0005277954395956617
2024-07-01,0.0020247930683257474,0.002608309347875519,0.0020578883736119824,-3.3095305286235006e-05
2024-07-02,0.006345059513659661,0.0060795104497838775,0.006729854689488501,-0.0003847951758288405
2024-07-03,0.0049674378364210695,0.005014419606324901,0.004462518162005047,0.0005049196744160225
2024-07-05,0.005424210453408526,0.005611008645089787,0.005766470977847771,-0.0003422605244392451
2024-07-08,0.0009972035185582394,0.0009522748614078621,0.0011539403636429135,-0.0001567368450846741
2024-07-09,0.0007880398073123294,0.0007132168988236942,0.0009723676546344873,-0.00018432784732215783
2024-07-10,0.010089123849696548,0.010338621477080409,0.009895531655677692,0.0001935921940188559
2024-07-11,-0.00800456806349842,-0.008432773790877389,-0.008622834507458599,0.0006182664439601786
2024-07-12,0.005761151915734406,0.00549054259932855,0.006307657436101399,-0.0005465055203669935
2024-07-15,0.0029614887716008574,0.0029065238841671395,0.0027502318104990486,0.00021125696110180876
2024-07-16,0.007020625250691292,0.006497940190776401,0.005930080913369773,0.0010905443373215194
2024-07-17,-0.013940407749069704,-0.013447885921424554,-0.01402117447015827,8.07667210885668e-05
2024-07-18,-0.0075686031128156875,-0.007761799888414229,-0.007684813223276632,0.00011621011046094448
2024-07-19,-0.0072533008719668475,-0.006974615041799449,-0.006640604165301767,-0.0006126967066650809
2024-07-22,0.010628394564795616,0.010670117273731771,0.010309924342275956,0.0003184702225196602
2024-07-23,-0.0016912099286332792,-0.0015804527891585538,-0.0015687460660562813,-0.00012246386257699785
2024-07-24,-0.022855743977409696,-0.022793264939671844,-0.022662370838181678,-0.00019337313922801816
2024-07-25,-0.005110914526148958,-0.005037242242813389,-0.005210392136385078,9.947761023612004e-05
2024-07-26,0.011610177086926217,0.011185685260760246,0.01119971183544255,0.0004104652514836677
2024-07-29,0.0009884103122175854,0.00082161507762383,0.000587779587347903,0.0004006307248696824
2024-07-30,-0.004771748444380329,-0.004770863017050691,-0.005066577985250231,0.0002948295408699026
2024-07-31,0.015899165137270046,0.015498218159083428,0.01625470242197591,-0.00035553728470586257
2024-08-01,-0.01401390631911893,-0.013220582246430652,-0.014160914265491042,0.00014700794637211197
2024-08-02,-0.01872420229685028,-0.01795927720373109,-0.018618386879309612,-0.0001058154175406674
2024-08-05,-0.02962104103067375,-0.030057376859225462,-0.02912381737354308,-0.0004972236571306674
2024-08-06,0.010596727321835982,0.010396698924883697,0.009219646681390303,0.0013770806404456784
2024-08-07,-0.007576947919806926,-0.007518795176310498,-0.0066839961423128536,-0.0008929517774940721
2024-08-08,0.02323578095391133,0.022881001132388876,0.02311719436478521,0.0001185865891261198
2024-08-09,0.005100907702205565,0.004731174448514045,0.004409753718971787,0.0006911539832337782
2024-08-12,-0.00026681863789559636,0.00016503218214154375,0.0005254581184506169,-0.0007922767563462133
2024-08-13,0.016819901019152532,0.016731328189213603,0.01644542365219892,0.0003744773669536114
2024-08-14,0.0034745906063108657,0.0038172413748263877,0.0031548370815228655,0.00031975352478800026
2024-08-15,0.01648864523030745,0.016190956599057612,0.017140361905951584,-0.0006517166756441345
2024-08-16,0.002346397124746972,0.002191074829377675,0.0022420918317906935,0.00010430529295627844
2024-08-19,0.00999819357994989,0.009896379032846245,0.009561144985421599,0.0004370485945282901
2024-08-20,-0.0018961651786460303,-0.0018624699738528097,-0.0016258914980240569,-0.0002702736806219734
2024-08-21,0.004759078784658064,0.004290974243296928,0.0034364410660061573,0.0013226377186519069
2024-08-22,-0.009119131716465735,-0.008758993391337748,-0.00784846691775154,-0.001270664798714195
2024-08-23,0.011696611178287585,0.011452054696886862,0.010625421484762532,0.0010711896935250535
2024-08-26,-0.0029643178617030615,-0.0029273619181309197,-0.0023837799197528042,-0.0005805379419502573
2024-08-27,0.0016082471425963936,0.0017236913789877024,0.0013728762591089794,0.00023537088348741424
2024-08-28,-0.006145483422341835,-0.005833525080907455,-0.005805250927202188,-0.00034023249513964737
2024-08-29,-9.283354861432191e-06,-5.96999150692176e-05,8.96338507427874e-05,-9.891720560421959e-05
2024-08-30,0.010266073847496024,0.010195733140310737,0.00954620986593846,0.0007198639815575638
2024-09-03,-0.021512262510324606,-0.02076331262802335,-0.02057921276072827,-0.0009330497495963347
2024-09-04,-0.00143287519503916,-0.0014879081411176994,-0.002046876901344641,0.0006140017063054808
2024-09-05,-0.00310453300353844,-0.0030395277589150642,-0.0024321523711449133,-0.0006723806323935266
2024-09-06,-0.017130248772617936,-0.016920555508965516,-0.016830046442845803,-0.0003002023297721326
2024-09-09,0.01146971781581047,0.011617847367541512,0.011196084697615571,0.00027363311819489887
2024-09-10,0.004238194843206324,0.0045188051032885885,0.004355900025068804,-0.00011770518186248
2024-09-11,0.010459680689125927,0.010448225793786847,0.010258946385845125,0.00020073430328080254
2024-09-12,0.007547663600929283,0.007504560663213406,0.008423171995987966,-0.0008755083950586825
2024-09-13,0.006201240952231992,0.005545917655080413,0.00522262710382293,0.0009786138484090623
2024-09-16,0.0017837998987783343,0.0015523487447075854,0.0014770129874017712,0.00030678691137656306
2024-09-17,0.00047417879517832673,0.0001660461470666291,0.0004086797783009466,6.549901687738014e-05
2024-09-18,-0.002885463528519469,-0.0029524611340328434,-0.002965951435339842,8.048790682037288e-05
2024-09-19,0.016667998015744652,0.016769548781788206,0.017064491041375307,-0.0003964930256306551
2024-09-20,-0.0020895900435818917,-0.0019193248445166671,-0.0017287449719705084,-0.0003608450716113833
2024-09-23,0.0028797904721233336,0.002782391996098766,0.002499043602226525,0.0003807468698968086
2024-09-24,0.0029617650783244666,0.002590157602661773,0.002861222995878876,0.00010054208244559062
2024-09-25,-0.00214612385931368,-0.0019371950091118645,-0.0022054527099499843,5.9328850636304435e-05
2024-09-26,0.004879867377751479,0.004082179964390002,0.003964638683935373,0.0009152286938161058
2024-09-27,-0.0009324598053305263,-0.0010928444842259993,-0.0014504715688140601,0.0005180117634835339
2024-09-30,0.003881699201618176,0.004269959402615232,0.004007229298663706,-0.00012553009704553003
2024-10-01,-0.009484021432509152,-0.009259414524457393,-0.00895832532483809,-0.0005256961076710621
2024-10-02,0.00030530414656802855,5.83708136433519e-06,0.0004219725084146919,-0.00011666836184666337
2024-10-03,-0.0017582021792709778,-0.00166738873520573,-0.0018281767260073245,6.997454673634673e-05
2024-10-04,0.009221048187910917,0.009202631704412715,0.009087270490398813,0.00013377769751210349
2024-10-07,-0.00945551024523176,-0.009670889809812244,-0.00904035053668073,-0.00041515970855103036
2024-10-08,0.009704546404882358,0.009776707514649248,0.00945754134781529,0.0002470050570670679
2024-10-09,0.007167449806296431,0.007074320490860667,0.006926570504826257,0.00024087930147017374
2024-10-10,-0.002347235445872419,-0.001927226497903314,-0.0017500610912019043,-0.0005971743546705145
2024-10-11,0.006099721202208016,0.005938481110897376,0.005988267395711899,0.00011145380649611649
2024-10-14,0.007618885326083877,0.007709386923787646,0.008178235187614735,-0.0005593498615308586
2024-10-15,-0.00732928263759571,-0.007281125434750732,-0.007769627818527525,0.00044034518093181464
2024-10-16,0.004439785522692951,0.004696302482639906,0.004346497308902908,9.328821379004336e-05
2024-10-17,-0.0001430117662112478,-0.00012160174802955406,8.578339713571914e-05,-0.00022879516334696696
2024-10-18,0.004064996866639346,0.004099826430109781,0.003846585926947199,0.00021841093969214662
2024-10-21,-0.002121063334958777,-0.0018018889679950576,-0.0016423109811971592,-0.0004787523537616179
2024-10-22,-0.0005503071204287475,-0.00038070425488655717,-0.0005310922072517821,-1.9214913176965396e-05
2024-10-23,-0.009082649853849377,-0.009195265681180929,-0.009137424564856667,5.477471100728999e-05
2024-10-24,0.0020491461325036924,0.0020715387179608,0.002162726927777525,-0.00011358079527383274
2024-10-25,-4.574137587910911e-05,-0.0003258907451559288,-0.0003454826084204887,0.0002997412325413796
2024-10-28,0.0027975205743186937,0.002707363711408218,0.0030915338881492005,-0.0002940133138305068
2024-10-29,0.0023966810045311085,0.0015095381667001005,0.0016183926419506278,0.0007782883625804806
2024-10-30,-0.0036180208728474007,-0.0031090871808250394,-0.0030251245419649075,-0.0005928963308824932
2024-10-31,-0.017746615240658112,-0.018572102161739715,-0.019603270710941034,0.0018566554702829224
2024-11-01,0.004240772732590445,0.004073301220144199,0.004220559958140857,2.0212774449588147e-05
2024-11-04,-0.0025200407376206545,-0.0027913185710020357,-0.002153906679928652,-0.0003661340576920024
2024-11-05,0.012272917610970244,0.012225617707772151,0.012091708046168215,0.00018120956480202968
2024-11-06,0.025714092871585097,0.0252959359930206,0.024865585678215618,0.0008485071933694785
2024-11-07,0.007793577545189462,0.007374710939278348,0.007732271136789315,6.130640840014672e-05
2024-11-08,0.0035661130463325477,0.004231791877996963,0.004331637402957833,-0.0007655243566252854
2024-11-11,0.0012167815495351783,0.0009931016022862865,0.0009529298360098082,0.00026385171352537014
2024-11-12,-0.002631244377592598,-0.002729177275990398,-0.0031064472321096215,0.00047520285451702364
2024-11-13,0.00010623777717312407,0.0003950239717024247,0.00048566537717964486,-0.0003794276000065208
2024-11-14,-0.0056608954194513,-0.005984629937863544,-0.006430121854694826,0.0007692264352435257
2024-11-15,-0.013612979163202199,-0.012994420696497803,-0.01280850218584828,-0.0008044769773539184
2024-11-18,0.004448470277657213,0.004084874868374382,0.004097381706267278,0.00035108857138993477
2024-11-19,0.004161602904061471,0.003983954290713926,0.0036554827170298676,0.0005061201870316034
2024-11-20,0.0006028794396422472,4.3336671177803487e-05,0.00033869381016549127,0.0002641856294767559
2024-11-21,0.006179424579586406,0.005263543646345865,0.0053683415882601615,0.0008110829913262445
2024-11-22,0.003647592400030894,0.0034477318717697223,0.003099488375636561,0.0005481040243943331
2024-11-25,0.003452212535236023,0.0030292919684779965,0.0033920479412503646,6.016459398565854e-05
2024-11-26,0.005289634703973666,0.005936841563026271,0.005221376941263234,6.825776271043252e-05
2024-11-27,-0.003939151582359903,-0.003743953466592983,-0.003029956675746681,-0.0009091949066132214
2024-11-29,0.0057054431516012395,0.005701665231286573,0.006212168654423644,-0.0005067255028224048
2024-12-02,0.0030589374548922496,0.002413979246462841,0.0017922584580638556,0.001266678996828394
2024-12-03,0.0005104873578891294,0.00041040193541461026,0.0004638854809093651,4.660187697976426e-05
2024-12-04,0.006186355748230183,0.00617021925618302,0.006209500212288388,-2.3144464058205173e-05
2024-12-05,-0.0021363816024717636,-0.0017638117616649324,-0.00164570260080521,-0.0004906790016665536
2024-12-06,0.0030680377801297416,0.002560918487761041,0.0018957391595642026,0.001172298620565539
2024-12-09,-0.006789623504950455,-0.00606990958427827,-0.005149626292031972,-0.001639997212918483
2024-12-10,-0.003068676282410935,-0.002919974880324748,-0.0031091188730399955,4.0442590629060325e-05
2024-12-11,0.00818171406944882,0.008140611432200856,0.0077306637810579115,0.0004510502883909081
2024-12-12,-0.004720831013028948,-0.005355953993751464,-0.005152593115945736,0.0004317621029167884
2024-12-13,-0.0005459391100113139,-5.756234606822549e-06,-0.0001987246258569053,-0.0003472144841544086
2024-12-16,0.0037989672840286395,0.003843808828589968,0.004269983995014881,-0.00047101671098624155
2024-12-17,-0.003913238939792579,-0.003731524529410316,-0.004119951004549094,0.00020671206475651478
2024-12-18,-0.029455152491537705,-0.029438119941168663,-0.029803473706515593,0.0003483212149778883
2024-12-19,-0.001100826720130201,-0.0007547036309762444,-0.000306999319557244,-0.000793827400572957
2024-12-20,0.011059461420771821,0.01086746624354393,0.01201088957923413,-0.0009514281584623082
2024-12-23,0.0068787679575319505,0.007360790427427615,0.005988323763746806,0.0008904441937851448
2024-12-24,0.010853984547032696,0.011005996688964967,0.011115065448212613,-0.0002610809011799175
2024-12-26,-0.00034537367653336975,-0.00033159882491563055,6.652365111459169e-05,-0.00041189732764796143
2024-12-27,-0.01083997620261787,-0.010932818047620417,-0.010526513060112985,-0.00031346314250488456
2024-12-30,-0.010769632440478977,-0.01060980019254498,-0.011411712672685148,0.0006420802322061707
2024-12-31,-0.004131751448698152,-0.004201165862985111,-0.0036379457138790983,-0.0004938057348190536
2025-01-02,-0.0018994855327746688,-0.002210034113588118,-0.002457043731384778,0.0005575581986101094
2025-01-03,0.012622567418504586,0.012688887433355925,0.012503472598431431,0.00011909482007315536
2025-01-06,0.005896633668510975,0.005612958814632686,0.005760666087019084,0.00013596758149189096
2025-01-07,-0.011037187299640745,-0.011126696507302846,-0.011304118200672453,0.00026693090103170787
2025-01-08,0.0011094017413427729,0.0015901369800221494,0.0014609389751862878,-0.00035153723384351494
2025-01-10,-0.015669685326456576,-0.015277640189122614,-0.015267481874933542,-0.0004022034515230345
2025-01-13,0.0014104724361318518,0.0015399452366334256,0.0015505471876331445,-0.00014007475150129263
2025-01-14,0.00155705770420567,0.0011086395891613037,0.0013758227325151307,0.0001812349716905394
2025-01-15,0.017851628765273714,0.018433875221359326,0.01818998067369071,-0.00033835190841699503
2025-01-16,-0.0020916188818298712,-0.0021044447164368313,-0.001922965434359436,-0.00016865344747043522
2025-01-17,0.010084239079683331,0.010029358049582581,0.010039847926063716,4.439115361961482e-05
2025-01-21,0.009128091957033988,0.008837812316150809,0.00915337711919939,-2.5285162165402525e-05
2025-01-22,0.0065367505862819735,0.006132900998932032,0.005621571292272476,0.0009151792940094976
2025-01-23,0.005168963522456288,0.005327603755597854,0.005458124141488607,-0.00028916061903231944
2025-01-24,-0.0025120462697812425,-0.0027785655796998656,-0.002919379805443101,0.00040733353566185836
2025-01-27,-0.014254503600959189,-0.014595279484922513,-0.014145267289494612,-0.00010923631146457675
2025-01-28,0.008883419493650496,0.009271005883434222,0.008592344588856049,0.0002910749047944465
2025-01-29,-0.00419530164976627,-0.0046796395122116275,-0.004483022040526308,0.00028772039076003803
2025-01-30,0.005052482081548624,0.005292383343017293,0.005367181849862845,-0.00031469976831422115
2025-01-31,-0.0045107226606622385,-0.004940260981152855,-0.005321847370101107,0.0008111247094388686
2025-02-03,-0.007276302658944917,-0.00754299971490974,-0.006729751225148517,-0.0005465514337964
2025-02-04,0.007489594952240838,0.007222144566835953,0.006708327541154135,0.0007812674110867024
2025-02-05,0.004033647361240321,0.003934519897330399,0.004054706329101654,-2.105896786133276e-05
2025-02-06,0.0033953252767199155,0.0036868042558324747,0.003475613674087885,-8.028839736796967e-05
2025-02-07,-0.008821617309512923,-0.009454698336700531,-0.009153582388062631,0.00033196507854970844
2025-02-10,0.007157051817782933,0.006891458113971562,0.006791192125803924,0.00036585969197900844
2025-02-11,0.00023602702824919986,0.0003817582319462845,0.000760531944440368,-0.0005245049161911681
2025-02-12,-0.0023121892227407773,-0.002565094384937584,-0.0032214928773622864,0.0009093036546215091
2025-02-13,0.009960405046881692,0.010446709271631393,0.010557465543251876,-0.0005970604963701845
2025-02-14,0.00048664263929058533,0.00012635069533342827,-4.9152160770615794e-05,0.0005357948000612011
2025-02-18,0.0031183551875596177,0.0025731878524345446,0.002935868815777898,0.00018248637178171993
2025-02-19,0.002372144253727248,0.0023703592370958554,0.0023550445617528393,1.7099691974408783e-05
2025-02-20,-0.004619434819663554,-0.004204463048532644,-0.004160464644991091,-0.0004589701746724635
2025-02-21,-0.017542180450307764,-0.017011037252237626,-0.01710398133557789,-0.00043819911472987513
2025-02-24,-0.004548057401444625,-0.004955816626182631,-0.0045505827357145145,2.5253342698892955e-06
2025-02-25,-0.0053772194801214885,-0.004627053805963768,-0.004973053296503771,-0.00040416618361771746
2025-02-26,0.00033865044832393637,0.00015627039938720158,0.0005046465936875411,-0.00016599614536360469
2025-02-27,-0.01623460286864858,-0.015903383359675564,-0.01596193074154484,-0.0002726721271037423
2025-02-28,0.015370031580233963,0.016004327427738836,0.015605821812948895,-0.000235790232714932
2025-03-03,-0.017572861131953093,-0.0174725583918605,-0.01752007925928789,-5.278187266520226e-05
2025-03-04,-0.011520357633107969,-0.012177921385408035,-0.011836893452684794,0.00031653581957682454
2025-03-05,0.011191143252228192,0.01119438369416209,0.010747808210532117,0.000443335041696075
2025-03-06,-0.018075410358703237,-0.017797658100602576,-0.017751102879487224,-0.00032430747921601347
2025-03-07,0.0061892669375889645,0.005677748772733049,0.0056047548786040124,0.000584512058984952
2025-03-10,-0.027010935200772423,-0.026794931917946938,-0.02663534370144982,-0.00037559149932260213
2025-03-11,-0.007988829461909104,-0.007570650177425083,-0.008313178432945767,0.0003243489710366629
2025-03-12,0.004876031314429784,0.004883034096663483,0.005306776431826643,-0.00043074511739685933
2025-03-13,-0.014307574035562425,-0.013820085090878995,-0.01333052797936185,-0.0009770460562005742
2025-03-14,0.02163955551640176,0.02146276486990935,0.02065582868057092,0.0009837268358308393
2025-03-17,0.007323582017328914,0.006551696971440488,0.007711215109664327,-0.00038763309233541283
2025-03-18,-0.010718938745432864,-0.010689631013637412,-0.010808446655089399,8.950790965653495e-05
2025-03-19,0.011021891807888538,0.01079304455552407,0.010890895685803592,0.00013099612208494586
2025-03-20,-0.002385686298353787,-0.0020910786393623453,-0.002891692811274549,0.0005060065129207617
2025-03-21,0.0009567431626706142,0.0008449536910558009,0.0003298107530131933,0.0006269324096574209
2025-03-24,0.017518794190623476,0.017600712910747725,0.017908555198050014,-0.00038976100742653744
2025-03-25,0.0019893239907622885,0.0015783080310403867,0.0024037742901859005,-0.000414450299423612
2025-03-26,-0.011000457946084261,-0.011094056752285565,-0.011938126986071662,0.0009376690399874009
2025-03-27,-0.003832921030516548,-0.003292801973001258,-0.0026556432337285774,-0.0011772777967879707
2025-03-28,-0.019991078627663982,-0.019661969124040644,-0.020138390607440493,0.0001473119797765106
2025-03-31,0.005691186227601842,0.005630391015167381,0.00671277169810125,-0.0010215854704994079
2025-04-01,0.0036969186827212016,0.00381998205940341,0.002824468752555598,0.0008724499301656038
2025-04-02,0.006909031722439319,0.006763669215472433,0.00632832407041195,0.0005807076520273685
2025-04-03,-0.049589611463787174,-0.04835918814175452,-0.04928069709227745,-0.00030891437150972617
2025-04-04,-0.0599958825487292,-0.059608133882823,-0.05854306726048053,-0.0014528152882486711
2025-04-07,-0.0016854482163764883,-0.0023186283089498376,-0.0017811321197329644,9.568390335647605e-05
2025-04-08,-0.01617485923334524,-0.015695738465272918,-0.01566283611567232,-0.0005120231176729204
2025-04-09,0.09652339811217754,0.0952284851544402,0.10501934995636097,-0.008495951844183433
2025-04-10,-0.03517468704809529,-0.034385937058097664,-0.04381910665097133,0.008644419602876041
2025-04-11,0.017528790074371713,0.018179039194094724,0.017842825299162257,-0.0003140352247905445
2025-04-14,0.00808186849143448,0.007946283472735132,0.009701552505080091,-0.0016196840136456104
2025-04-15,-0.0009607757268539498,-0.0016407861344174015,-0.0028009238239182777,0.0018401480970643277
2025-04-16,-0.022639217067220316,-0.02241817176312244,-0.02222803272207108,-0.0004111843451492375
2025-04-17,0.0017403268497784806,0.0013016510564043712,0.0014268092873082061,0.0003135175624702745
2025-04-21,-0.023524671923417225,-0.023555753426158524,-0.023802643664465384,0.0002779717410481587
2025-04-22,0.02510101009785074,0.02514184686201387,0.026017697286444985,-0.0009166871885942438
2025-04-23,0.01699739007793917,0.016680132579940887,0.015495355748962103,0.0015020343289770671
2025-04-24,0.021231254470103475,0.020234676277612593,0.021049134902774158,0.0001821195673293169
2025-04-25,0.007415956805876381,0.007408347250698745,0.007225151050962442,0.00019080575491393914
2025-04-28,0.0008312987470656761,0.0006585244123127524,0.00038141420809401083,0.00044988453897166526
2025-04-29,0.005737785666099383,0.0058301326979695025,0.006299340378101537,-0.000561554712002154
2025-04-30,0.0017459033873208861,0.001594827541344025,0.000396812712974981,0.0013490906743459051
2025-05-01,0.005861632727303358,0.006338044349647921,0.007086915718260034,-0.0012252829909566764
2025-05-02,0.014962827430017532,0.01475577896998975,0.014844241310975725,0.00011858611904180631
2025-05-05,-0.005839713240971038,-0.006315917307016161,-0.005734294466325229,-0.00010541877464580879
2025-05-06,-0.007115561105472312,-0.007696767083907851,-0.008358430352621848,0.0012428692471495367
2025-05-07,0.0047571432366623105,0.004362740492235316,0.00420554784974847,0.0005515953869138406
2025-05-08,0.0060573522828575475,0.0057598604729938606,0.006967790512363292,-0.0009104382295057447
2025-05-09,-0.000251543877963996,-0.0005328068135503966,-0.0012741154091596707,0.0010225715311956746
2025-05-12,0.03277383350676321,0.032678408089146786,0.03304739833427317,-0.0002735648275099603
2025-05-13,0.00799119436265845,0.007298872855970877,0.006603834423700716,0.001387359938957734
2025-05-14,0.0011874969559781867,0.0011092599608294453,0.0012780596636838837,-9.056270770569697e-05
2025-05-15,0.004321960341336979,0.004407378721653651,0.004884342398821628,-0.0005623820574846491
2025-05-16,0.007001394964688491,0.0071528579518147116,0.006334078244299102,0.000667316720389389
2025-05-19,0.0008375382138517783,0.0010523067911971718,0.0010938140906693317,-0.0002562758768175534
2025-05-20,-0.0036624814669403015,-0.003854641829786628,-0.003362128049795521,-0.0003003534171447807
2025-05-21,-0.01609369659714186,-0.016096628192589855,-0.01685079340484308,0.0007570968077012172
2025-05-22,-0.000883206343044358,-0.0004926992655693963,0.0003946470773714683,-0.0012778534204158263
2025-05-23,-0.00646442158055193,-0.0066250925083557646,-0.006825886893621624,0.00036146531306969435
2025-05-27,0.02033022584703619,0.02052809775929928,0.020790776540780653,-0.0004605506937444617
2025-05-28,-0.005271574951366969,-0.0054980521555093595,-0.005785518908830278,0.0005139439574633094
2025-05-29,0.003114155319383665,0.004060138049100788,0.0039473827948730555,-0.0008332274754893907
2025-05-30,0.00015658514184574527,3.6965827775974335e-05,-0.0011184568183596477,0.001275041960205393
2025-06-02,0.004041419214433544,0.004229964154255639,0.005633111214039088,-0.0015916919996055443
2025-06-03,0.006118063765124117,0.005746425843112146,0.005702380880463043,0.0004156828846610741
2025-06-04,0.0003611760792020286,0.00014389237836026576,-0.0002683402981673577,0.0006295163773693863
2025-06-05,-0.004820925777876094,-0.005159303319680235,-0.004832872149647116,1.194637177102248e-05
2025-06-06,0.010335916992455039,0.010357726470275387,0.010268979858962801,6.693713349223765e-05
2025-06-09,0.0009865958133133722,0.00097758265381413,0.0009012828881442836,8.531292516908862e-05
2025-06-10,0.0059443071801667914,0.0055189757625944205,0.005669767615193333,0.0002745395649734585
2025-06-11,-0.0027492064403092575,-0.002733194761160352,-0.0028521190306726174,0.0001029125903633599
2025-06-12,0.0032421304582511195,0.003921142981844191,0.003974329163849877,-0.0007321987055987573
2025-06-13,-0.011436734623353876,-0.011139087948501929,-0.01118006439646746,-0.0002566702268864164
2025-06-16,0.010417185008073187,0.009468643284474856,0.009514299887150468,0.0009028851209227189
2025-06-17,-0.008661618016237393,-0.008308204807563078,-0.008545134095127027,-0.00011648392111036562
2025-06-18,-0.00028415232831754245,-0.0004528923617190743,-0.00015063575417118003,-0.00013351657414636243
2025-06-20,-0.0021702086132996175,-0.0021943671780735,-0.002348535817909503,0.00017832720460988528
2025-06-23,0.009755949634544146,0.009645305408147719,0.009877375905910313,-0.00012142627136616652
2025-06-24,0.01149603469459917,0.010995921530539654,0.011047208993087754,0.0004488257015114166
2025-06-25,-0.00013299864953690335,-2.8598603496167813e-05,0.0005603646306042709,-0.0006933632801411743
2025-06-26,0.007955095680359417,0.007953165369132955,0.007823779874487347,0.00013131580587207037
2025-06-27,0.00527899048099443,0.005421640523435047,0.0049683317640052405,0.0003106587169891895
2025-06-30,0.005718213878908771,0.005247042980212755,0.004781206068339872,0.0009370078105688994
2025-07-01,-0.0010080654400238679,-0.001129477548047372,-0.0003235797161743603,-0.0006844857238495075
2025-07-02,0.004577428711374486,0.00477572258620335,0.0045333761723596044,4.4052539014881494e-05
2025-07-03,0.008659050161561276,0.008494719834976251,0.007881385172987976,0.0007776649885733004
2025-07-07,-0.008222767165897251,-0.007846091888600614,-0.0074522132118458595,-0.0007705539540513919
2025-07-08,-0.0004213357394917545,-0.0007638375118864054,-0.0005476171019968001,0.00012628136250504563
2025-07-09,0.0056502825237157665,0.006109872576336692,0.005996626767211355,-0.00034634424349558844
2025-07-10,0.0025083251459041343,0.0029029416626844373,0.002820211585405019,-0.00031188643950088484
2025-07-11,-0.003944684127687199,-0.003299612007916781,-0.003515227505248797,-0.00042945662243840197
2025-07-14,0.0017901525818989582,0.001409401193725822,0.0019081170382848622,-0.00011796445638590403
2025-07-15,-0.0039163078295849875,-0.003885090256979391,-0.004273265144196681,0.00035695731461169323
2025-07-16,0.0032949431124538082,0.0032345589715253647,0.0033431911185151097,-4.82480060613015e-05
2025-07-17,0.005420546595084531,0.005329358684590695,0.006119689977517551,-0.0006991433824330194
2025-07-18,-1.2615476766248428e-05,-5.2071560028744085e-05,-0.0007324129021104575,0.0007197974253442091
2025-07-21,0.0015648754129281661,0.0014313266030189285,0.001896175165666536,-0.00033129975273836986
2025-07-22,0.0008513858983577292,0.0006133726830174478,0.0001431211632245688,0.0007082647351331604
2025-07-23,0.007600487711746417,0.007811463639348725,0.00850744324203112,-0.0009069555302847034
2025-07-24,0.0004904641512127779,0.0006754214808554362,0.00033114960935609616,0.00015931454185668173
2025-07-25,0.0034208074926324115,0.004017827815916754,0.004224349640319147,-0.0008035421476867356
2025-07-28,0.0002305772954631591,0.00015459788746853076,-0.0002511001451916961,0.0004816774406548552
2025-07-29,-0.0031559176333885606,-0.002941681614393206,-0.0026376486020820433,-0.0005182690313065173
2025-07-30,-0.0009947553323695324,-0.0012252820272395466,-0.001259331011043141,0.0002645756786736086
2025-07-31,-0.004023158137984602,-0.003563448345733481,-0.0037512265266995692,-0.00027193161128503257
2025-08-01,-0.015631936159805546,-0.01594025726429148,-0.016390466901213152,0.0007585307414076058
2025-08-04,0.014650886806435531,0.014765216854074566,0.015199913193138181,-0.0005490263867026501
2025-08-05,-0.005477685566848865,-0.004795916603478551,-0.005069966077998811,-0.00040771948885005415
2025-08-06,0.006837294265404284,0.007275047626806391,0.007659581475386812,-0.0008222872099825276
2025-08-07,-0.000988208840626713,-0.0007868577398474849,-0.000837526803775912,-0.0001506820368508009
2025-08-08,0.00675850459666371,0.008283785535512707,0.007797475344291982,-0.001038970747628272
2025-08-11,-0.0022514221151964955,-0.0023733201701785314,-0.0019774432364148,-0.00027397887878169566
2025-08-12,0.012283458223133297,0.01138360734330001,0.010646017662282237,0.0016374405608510605
2025-08-13,0.004953909559310261,0.003204745361215955,0.003423147456803166,0.0015307621025070946
2025-08-14,-0.00011083398772597425,0.00041869379431041745,9.296545483872265e-05,-0.00020379944256469692
2025-08-15,-0.002711701628231209,-0.0027123277940510862,-0.002341290080229208,-0.00037041154800200116
2025-08-18,0.00015351449033907375,-0.00010174230307182406,-0.00021744013365154746,0.0003709546239906212
2025-08-19,-0.005623020158537631,-0.005729998194128121,-0.0054252252305696524,-0.00019779492796797877
2025-08-20,-0.002474191691899082,-0.0024194756194618862,-0.0026570836306466505,0.00018289193874756852
2025-08-21,-0.0034399316091271387,-0.003911933745805352,-0.004011725826335022,0.0005717942172078832
2025-08-22,0.01541126389951636,0.015189427732372815,0.015356788214081707,5.447568543465349e-05
2025-08-25,-0.004123179214471555,-0.004233857633392384,-0.0044010616726667395,0.0002778824581951842
2025-08-26,0.0036006191983675075,0.004243643858469085,0.004186940142142603,-0.0005863209437750958
2025-08-27,0.0024981399162202758,0.0023545179039515265,0.0022785132820093423,0.00021962663421093345
2025-08-28,0.003339798515716005,0.00308933119617924,0.003541362732142783,-0.00020156421642677797
2025-08-29,-0.006222110667990199,-0.0062891096182440724,-0.0059636816039791984,-0.0002584290640110006
2025-09-02,-0.006617165174072764,-0.006708774273790372,-0.007410200132466738,0.0007930349583939733
2025-09-03,0.005163689563737292,0.0051613173311252925,0.005419463056600904,-0.00025577349286361184
2025-09-04,0.00822847247432296,0.008481524144512887,0.008357456059411517,-0.00012898358508855665
2025-09-05,-0.0019701494918584334,-0.0030198812899358786,-0.0028962430390079286,0.0009260935471494952
2025-09-08,0.00247065824092456,0.0021352738234964043,0.0024566370092480305,1.4021231676529435e-05
2025-09-09,0.0021885670597424924,0.002700444611549062,0.002311825610804341,-0.00012325855106184872
2025-09-10,0.002309464975918997,0.0032119978028224395,0.00289075963033647,-0.0005812946544174733
2025-09-11,0.009527600249511712,0.00848041979657156,0.008310359891924524,0.0012172403575871887
2025-09-12,-0.0003960563047276955,-0.0004179737833599745,-0.0003347065098450175,-6.1349794882678e-05
2025-09-15,0.005118274053870952,0.00492999153950669,0.005323952420932088,-0.00020567836706113576
2025-09-16,-0.001582935680282087,-0.0012543412342247624,-0.0013767927852816886,-0.00020614289500039832
2025-09-17,-0.0002952541651987479,-0.0009607364457554165,-0.0012424352925486382,0.0009471811273498902
2025-09-18,0.00527559259911461,0.004756177240921397,0.004672351764394733,0.0006032408347198771
2025-09-19,0.0048386236948884135,0.004901986955242325,0.004952968179340322,-0.00011434448445190887
2025-09-22,0.004774027951066334,0.004558596178123863,0.004731007968096224,4.301998297011073e-05
2025-09-23,-0.005276654920857974,-0.005578326995865797,-0.0054434748398075605,0.0001668199189495869
2025-09-24,-0.003315815132733555,-0.0027732540840216388,-0.003181633452613686,-0.000134181680119869
2025-09-25,-0.00488190030376147,-0.0049482425329123135,-0.0046134974884720625,-0.0002684028152894072
2025-09-26,0.00611447631416886,0.005820364941098072,0.005729144366994232,0.00038533194717462783
2025-09-29,0.0026398004147576972,0.0021231312744469473,0.0028103664411398555,-0.0001705660263821582
2025-09-30,0.003765790141372157,0.0041406306989662765,0.0037668667591119753,-1.0766177398185278e-06
2025-10-01,0.0027191251677501243,0.0034617260129668525,0.0034075694259330103,-0.000688444258182886
2025-10-02,0.0007510063248010345,0.0006279471374012185,0.001151711603039951,-0.0004007052782389165
2025-10-03,9.541352665905875e-05,0.00016716111029948014,-1.4767362221612679e-05,0.00011018088888067143
2025-10-06,0.0037144191911558707,0.003724873577955391,0.003586228910336109,0.0001281902808197618
2025-10-07,-0.004323755422840452,-0.0038126808718366278,-0.003707492250961897,-0.0006162631718785554
2025-10-08,0.005847196795257486,0.0058304490463497085,0.005963052412792269,-0.00011585561753478264
2025-10-09,-0.003330191988853396,-0.0027199136271398687,-0.0028970083792374535,-0.00043318360961594254
2025-10-10,-0.027347924689446367,-0.027016241602405754,-0.02702782789908964,-0.00032009679035672686
2025-10-13,0.015759262590777666,0.015618662081337227,0.015344074693208754,0.00041518789756891245
2025-10-14,-0.0012436563473362306,-0.0015529288298680808,-0.0012216548034567065,-2.2001543879524108e-05
2025-10-15,0.004346447329068745,0.00409854822866928,0.004439615866679292,-9.31685376105466e-05
2025-10-16,-0.006507538636870732,-0.006300185128871368,-0.006810260525524803,0.00030272188865407106
2025-10-17,0.005113560630088575,0.005289828341099211,0.005676300358907982,-0.0005627397288194072
2025-10-20,0.010679750729976283,0.01068396173175348,0.010400475399621634,0.00027927533035464885
2025-10-21,0.0005586202287771675,2.285217235915561e-05,-1.4995920012528252e-05,0.0005736161487896957
2025-10-22,-0.00582979168151798,-0.005333083826284545,-0.005198815962920711,-0.0006309757185972691
2025-10-23,0.0057341770394255314,0.005844169299691869,0.005929891190499692,-0.0001957141510741606
2025-10-24,0.007600734938370694,0.007956982229119338,0.008172571104630766,-0.0005718361662600717
2025-10-27,0.012297623979794198,0.012302332665518344,0.011797712023148943,0.0004999119566452548
2025-10-28,0.0016334679778813512,0.002296357051895509,0.002655998956591077,-0.0010225309787097257
2025-10-29,-0.000504101622598526,-3.807718402657861e-05,0.0004802976988058649,-0.000984399321404391
2025-10-30,-0.009359579940373277,-0.009905329997660623,-0.010998144919191377,0.0016385649788180998
2025-10-31,0.0031168548196367912,0.0027020828011143,0.0032802806107155025,-0.00016342579107871125
2025-11-03,0.001049023014667318,0.0017762603112669033,0.0018766870879645126,-0.0008276640732971946
2025-11-04,-0.012324890731603875,-0.011709223513986632,-0.011853539942447533,-0.00047135078915634156
2025-11-05,0.004238431304284474,0.003682222876662631,0.003465389196996238,0.0007730421072882363
2025-11-06,-0.011361816314255068,-0.011180571581602046,-0.010729333212666003,-0.0006324831015890649
2025-11-07,0.0014326304475742228,0.0013762319650874632,0.0009845075813768034,0.00044812286619741936
2025-11-10,0.015146133986416638,0.015525123828188006,0.015604434791510524,-0.0004583008050938857
2025-11-11,0.0019704229925674734,0.0020913616444158717,0.0022891497024457585,-0.00031872670987828514
2025-11-12,0.000687788811176436,0.0006931660263381674,0.0005563986064420767,0.00013139020473435924
2025-11-13,-0.016848076439843488,-0.01649782996521574,-0.016594021470737852,-0.0002540549691056361
2025-11-14,-0.0005306303802278525,-0.00029780439870296884,-0.00016358609958400105,-0.00036704428064385144
2025-11-17,-0.009419261905754234,-0.009086991779499289,-0.009316523930962162,-0.00010273797479207203
2025-11-18,-0.007631281031130079,-0.008168698301952115,-0.00839746055820656,0.0007661795270764811
2025-11-19,0.0031394893904162914,0.003769146265106548,0.003863199783587179,-0.0007237103931708876
2025-11-20,-0.015862282400403778,-0.015427135153022577,-0.015242336682765423,-0.0006199457176383552
2025-11-21,0.010639759764967264,0.009920304421774256,0.009961222976632822,0.0006785367883344415
2025-11-24,0.014666421162875951,0.015464677667840546,0.014718507062180475,-5.2085899304523536e-05
2025-11-25,0.009363580525358161,0.00912833632927755,0.00940589965210692,-4.2319126748758054e-05
2025-11-26,0.006841178948737574,0.006934973290407187,0.006903575013019525,-6.239606428195144e-05
2025-11-28,0.005723027677575942,0.005372156037282115,0.005458406338614941,0.00026462133896100123
2025-12-01,-0.004864861478730827,-0.005171509930303581,-0.004565415602551193,-0.00029944587617963467
2025-12-02,0.0029416933264967407,0.0024821979522558608,0.0018522092741120044,0.0010894840523847362
2025-12-03,0.0031967696295482394,0.003053060038184625,0.0034627677932603795,-0.00026599816371214013
2025-12-04,0.001543746105829581,0.0010917433850746749,0.0007310561539983773,0.0008126899518312036
2025-12-05,0.0025965565547539445,0.0020531971946592745,0.0018995368427094927,0.0006970197120444517
2025-12-08,-0.0031219267160629326,-0.003402861178484145,-0.0030042775146746914,-0.0001176492013882412
2025-12-09,-0.0006698107243211066,-0.0008620434035440744,-0.0008631449669616043,0.00019333424264049762
2025-12-10,0.0069712572419021014,0.0067688112396812,0.00663226800901473,0.0003389892328873713
2025-12-11,0.0018855397047258184,0.0020913043705771133,0.002326948130527251,-0.00044140842580143265
2025-12-12,-0.010792018904868663,-0.01050083614359928,-0.010752057995096265,-3.9960909772398384e-05
2025-12-15,-0.001611575522792903,-0.0013976684178158062,-0.0015107978831542246,-0.00010077763963867842
2025-12-16,-0.002200245922253143,-0.002396810352804111,-0.00273229759527871,0.0005320516730255667
2025-12-17,-0.011402858866749722,-0.011533095483682969,-0.011003620102041367,-0.00039923876470835534
2025-12-18,0.00780360259814131,0.007893882454466613,0.0075513325776148665,0.00025227002052644314
2025-12-19,0.008661443483673398,0.008789675289510133,0.009063445479451815,-0.0004020019957784171
2025-12-22,0.006544675599124921,0.006509151038175774,0.006229892278320159,0.000314783320804762
2025-12-23,0.004118150158816861,0.004532618398513921,0.004570454818432879,-0.0004523046596160178
2025-12-24,0.0033489902336382308,0.0032184563784466475,0.0035176203055324873,-0.00016863007189425652
2025-12-26,-0.00016059312128409244,-0.00021314028927706406,-0.00010141503224314619,-5.9178089040946255e-05
2025-12-29,-0.003332758847769992,-0.0034236611640755064,-0.003563628207054803,0.00023086935928481097
2025-12-30,-0.0013310971718865007,-0.0013242119212776903,-0.0012211007345822589,-0.00010999643730424187
2025-12-31,-0.007402077378044062,-0.00725796240105378,-0.007408967373390696,6.889995346633614e-06
2026-01-02,0.0017925674768523596,0.002024973823862555,0.0018330397334518356,-4.047225659947599e-05
2026-01-05,0.0064618938979069075,0.006382233531090415,0.006660113816063129,-0.00019821991815622154
2026-01-06,0.00647554389124941,0.00607406142707466,0.005947183373089304,0.0005283605181601054
2026-01-07,-0.0038246987830033315,-0.0034460528242649903,-0.0032233567922274053,-0.0006013419907759262
2026-01-08,-0.00017269471234140622,0.00013033008981824974,-0.00010153268198576093,-7.116203035564529e-05
2026-01-09,0.00626424806670483,0.006423031417414596,0.006613342394092614,-0.00034909432738778386
2026-01-12,0.0015702432117552152,0.0016371385188239495,0.0015704538117717881,-2.1060001657293922e-07
2026-01-13,-0.0021495963528894487,-0.0019508395891891298,-0.0019994751058702853,-0.0001501212470191634
2026-01-14,-0.004958649922791939,-0.005312993315686144,-0.0049152373416185835,-4.3412581173355586e-05
2026-01-15,0.0021388682092737662,0.0025453355382642822,0.0027232143965294497,-0.0005843461872556835
2026-01-16,-0.0011781623122710371,-0.0006023042802812638,-0.0008378739908954103,-0.00034028832137562685
2026-01-20,-0.020503665231948406,-0.02070584705109532,-0.020356785723545046,-0.00014687950840336014
2026-01-21,0.011723624264711985,0.011481418362531887,0.011541079202094462,0.00018254506261752325
2026-01-22,0.005957532125483856,0.005524321656676462,0.005223230019727687,0.0007343021057561686
2026-01-23,0.0003772926475505062,0.0004955194540354501,0.0003627802397405677,1.4512407809938487e-05
2026-01-26,0.0050413101697039655,0.00502135235966027,0.005078147060609828,-3.6836890905862264e-05
2026-01-27,0.0033159128228184413,0.004050658957995291,0.003984264729684606,-0.0006683519068661644
2026-01-28,-1.2047377582304463e-05,-0.00019170768522715326,-0.00010066990364987483,8.862252606757036e-05
2026-01-29,-0.00154258761840874,-0.0012917674119403443,-0.0019843824489698125,0.0004417948305610725
2026-01-30,-0.004429218497484131,-0.004301483910667838,-0.0029825802604032114,-0.0014466382370809192
2026-02-02,0.005081088653566458,0.005210538943854364,0.004971362130935519,0.00010972652263093862
2026-02-03,-0.01023287218881674,-0.008481499341124374,-0.00845539643070059,-0.0017774757581161503
2026-02-04,-0.004350758738765586,-0.004796560040780177,-0.004843921678897134,0.0004931629401315482
2026-02-05,-0.01239534750745018,-0.012229362647938839,-0.012489211256201727,9.386374875154646e-05
2026-02-06,0.019463073380388322,0.019697394692350392,0.019184711840951385,0.00027836153943693737
2026-02-09,0.00525691041577521,0.004766319754151883,0.004821832103010459,0.00043507831276475093
2026-02-10,-0.0021656812495272223,-0.003170738050942157,-0.002637160432080843,0.00047147918255362057
2026-02-11,-0.0008300295699998527,-0.00014956664891737414,-0.00023105881441631837,-0.0005989707555835343
2026-02-12,-0.016751027248781948,-0.01566181571642543,-0.0154488742279012,-0.0013021530208807489
2026-02-13,0.001653169491384384,0.000610699740331047,0.0007044854938154099,0.0009486839975689741
2026-02-17,0.0007533447890294164,0.0012611927446952913,0.0016134664707250224,-0.0008601216816956059
2026-02-18,0.005778833114296556,0.005578089359573687,0.005037758541617032,0.000741074572679524
2026-02-19,-0.0028520273591752165,-0.0027502631470642525,-0.0026374339404172664,-0.0002145934187579501
2026-02-20,0.006835788181948588,0.006875198191669193,0.007231864589122949,-0.0003960764071743615
2026-02-23,-0.01135195147042512,-0.010416851414270064,-0.010211314710874664,-0.001140636759550456
2026-02-24,0.008278343044749802,0.007798789176644074,0.00726845293039502,0.001009890114354782
2026-02-25,0.007972993936664933,0.008148581961544193,0.008438348943581309,-0.0004653550069163761
2026-02-26,-0.004092642959308059,-0.005418072523192542,-0.005554476391621099,0.0014618334323130405
2026-02-27,-0.003210041975251531,-0.004213425914726636,-0.004801943258527341,0.0015919012832758105
2026-03-02,0.0004853312361105106,0.0005260988933665754,0.0005685787823312971,-8.324754622078648e-05
2026-03-03,-0.008874645456062334,-0.009232441745445418,-0.00881433848279567,-6.030697326666473e-05
2026-03-04,0.007821223677024985,0.007649877972018557,0.007055308353084655,0.0007659153239403301
2026-03-05,-0.004606962357545247,-0.00543671116239485,-0.005575546846393831,0.0009685844888485838
2026-03-06,-0.01274983332821235,-0.013026150772166008,-0.013107135070836495,0.0003573017426241453
2026-03-09,0.007730219854361385,0.00816800361562272,0.008760025013039074,-0.0010298051586776899
2026-03-10,-0.002818358292977337,-0.0021534580944676026,-0.0016071269053671289,-0.001211231387610208
2026-03-11,-0.001045363715787909,-0.0009052719094731277,-0.0012551629285171284,0.00020979921272921932
2026-03-12,-0.015256055101345582,-0.015089066551789276,-0.015184948869363502,-7.110623198208071e-05
2026-03-13,-0.0055142285198065116,-0.00605032316123191,-0.005660109501006372,0.00014588098119986022
2026-03-16,0.00989544523214447,0.01006805657762136,0.010176866111483163,-0.0002814208793386931
2026-03-17,0.0025098506910538007,0.002467797378736943,0.00263055486997521,-0.0001207041789214095
2026-03-18,-0.013837223759844832,-0.013793611298946587,-0.013953645387120184,0.00011642162727535169
2026-03-19,-0.00227488041532436,-0.00281033155479021,-0.0024643404851918405,0.00018946006986748053
2026-03-20,-0.014558102474159881,-0.014894387370123524,-0.01433577587250423,-0.00022232660165565077
2026-03-23,0.01119291738905194,0.0114724868096721,0.01050001924493782,0.0006928981441141208
2026-03-24,-0.004362917517112825,-0.004031307926664271,-0.0033568497522664664,-0.0010060677648463584
2026-03-25,0.005392545932857816,0.005497092673792281,0.0055727589473859585,-0.00018021301452814283
2026-03-26,-0.016571503653011993,-0.016718489490053383,-0.017858744158138706,0.0012872405051267133
2026-03-27,-0.0168771921179106,-0.016845858515330884,-0.017051883523327982,0.00017469140541738135
2026-03-30,-0.003192573368852015,-0.0034449112082959848,-0.0033434623831846144,0.00015088901433259931
2026-03-31,0.028517355256659483,0.028799791226851456,0.02906792569891481,-0.0005505704422553263
2026-04-01,0.006507536415479179,0.006726952902914585,0.007534463782890022,-0.0010269273674108426
2026-04-02,0.0013714559254725139,0.0009518589694516944,0.0009004744280911581,0.0004709814973813558
2026-04-06,0.004599300110750089,0.004624103682739068,0.004726797348638012,-0.00012749723788792276
2026-04-07,0.0008016583326432866,0.0006365621009291327,0.0004400741058487867,0.00036158422679449993
2026-04-08,0.02398564954026165,0.024536841144151555,0.025469554638327674,-0.0014839050980660247
2026-04-09,0.005103404199179875,0.006043197508329117,0.00576909117108837,-0.0006656869719084951
2026-04-10,-0.0020685485494314738,-0.001236038273775635,-0.0006617805145495703,-0.0014067680348819034
2026-04-13,0.011138530578346854,0.010010365874400861,0.009772397784351794,0.0013661327939950597
2026-04-14,0.011326885904338033,0.011820627457333971,0.01218488075237012,-0.0008579948480320863
2026-04-15,0.008651618125529044,0.008321017171689229,0.007890994867038925,0.0007606232584901184
2026-04-16,0.0036857156508272883,0.002437323332383017,0.002457311622604319,0.0012284040282229693
2026-04-17,0.011488873796668454,0.011930259020513917,0.012085685130224011,-0.0005968113335555573
2026-04-20,-0.001612607074363131,-0.002376244895966779,-0.001999667552905704,0.000387060478542573
2026-04-21,-0.005852082936231352,-0.006289148020391389,-0.006546949154936255,0.0006948662187049029
2026-04-22,0.010141825502105867,0.010313656711744385,0.010126696838070659,1.5128664035208433e-05
2026-04-23,-0.004685573661425857,-0.004040248944108195,-0.0038807239498251933,-0.0008048497116006637
2026-04-24,0.0071485118790415875,0.007705862009589613,0.007749297960024215,-0.0006007860809826276
