Date,nport_base_return,it_overweight_return,spy_return,active_base,active_it
2024-04-26,0.010375246344026156,0.010398240857969178,0.009473948179165692,0.0009012981648604639,0.0009242926788034858
2024-04-29,0.0031576746384746487,0.0032154313018172924,0.0035414297461646704,-0.0003837551076900218,-0.000325998444347378
2024-04-30,-0.0159701649152838,-0.01603977836399711,-0.01584121643362124,-0.00012894848166255732,-0.00019856193037586997
2024-05-01,-0.0032612369291952414,-0.0035361270316350618,-0.0032471511531020347,-1.408577609320668e-05,-0.00028897587853302705
2024-05-02,0.009508986500428073,0.0094995195922144,0.009353469116733182,0.00015551738369489095,0.00014605047548121863
2024-05-03,0.012726830176586289,0.012787592063424358,0.012395296652984111,0.0003315335236021774,0.00039229541044024686
2024-05-06,0.010398447550259881,0.010504597251781959,0.010326794652302018,7.165289795786275e-05,0.00017780259947994086
2024-05-07,0.0011833241004199943,0.0010669349713454354,0.0011035533133769704,7.977078704302391e-05,-3.661834203153502e-05
2024-05-08,-0.0002380647236822954,-0.0001713947689168818,9.647562920434005e-05,-0.0003345403528866354,-0.0002678703981212219
2024-05-09,0.0051976852101879795,0.005041320108832955,0.00576198905336911,-0.0005643038431811303,-0.0007206689445361548
2024-05-10,0.001711642235218981,0.0017797221001487357,0.0012881037483014612,0.00042353848691751976,0.0004916183518472745
2024-05-13,-9.284124351391517e-05,-2.512792894120996e-05,0.00013426244304337587,-0.00022710368655729104,-0.00015939037198458582
2024-05-14,0.005002878293393686,0.00508677596917521,0.004588194592596295,0.0004146837007973905,0.0004985813765789144
2024-05-15,0.012039774882601223,0.01227413469129455,0.012383027069566177,-0.0003432521869649544,-0.00010889237827162689
2024-05-16,-0.0018652875066936493,-0.0018690190184167317,-0.002057544692443347,0.0001922571857496979,0.0001885256740266155
2024-05-17,0.0011039136275250684,0.0010602393966810458,0.0014375154397507917,-0.0003336018122257233,-0.00037727604306974586
2024-05-20,0.0010765918996862942,0.0012781686301880464,0.0011520458437725978,-7.545394408630356e-05,0.0001261227864154486
2024-05-21,0.002358988727437984,0.0022751164318618525,0.0024524163177215286,-9.342759028354436e-05,-0.0001772998858596761
2024-05-22,-0.002683859723929107,-0.0024591714648030246,-0.0028790578048304427,0.0001951980809013357,0.00041988634002741807
2024-05-23,-0.006802692307646805,-0.006877214278808172,-0.007304272633687048,0.0005015803260402431,0.00042705835487887554
2024-05-24,0.0069858196059579165,0.006974443643182149,0.0066165101077051425,0.00036930949825277407,0.00035793353547700687
2024-05-28,0.0007760330406867523,0.0007252658354946592,0.0006988453582048582,7.718768248189418e-05,2.6420477289801087e-05
2024-05-29,-0.007106358046313168,-0.007159390130610171,-0.007002454045067719,-0.0001039040012454492,-0.00015693608554245234
2024-05-30,-0.006263638354855458,-0.006397303004689159,-0.006633881698410615,0.00037024334355515755,0.00023657869372145646
2024-05-31,0.008302986386725362,0.008089040427022173,0.009108137100940938,-0.0008051507142155766,-0.0010190966739187651
2024-06-03,0.001810247941832233,0.0017082035703484114,0.000815398053666927,0.000994849888165306,0.0008928055166814845
2024-06-04,0.0018166747618555221,0.0017486445585905847,0.00111774169742751,0.0006989330644280121,0.0006309028611630747
2024-06-05,0.01215608141396356,0.01237461401542671,0.011885286538725115,0.0002707948752384455,0.0004893274767015943
2024-06-06,0.00012021489670336886,5.607775945088546e-05,-1.8709279545392477e-05,0.00013892417624876134,7.478703899627793e-05
2024-06-07,-0.0009114774526904432,-0.0009551089187102077,-0.0012156581825512047,0.0003041807298607615,0.000260549263840997
2024-06-10,0.00247802487027287,0.0026480656041519106,0.0030897925971888895,-0.0006117677269160196,-0.00044172699303697896
2024-06-11,0.002744994276837508,0.002763448667531153,0.0024081026725715216,0.0003368916042659864,0.0003553459949596316
2024-06-12,0.008820852818724922,0.008995391230092267,0.008213080638207026,0.0006077721805178952,0.0007823105918852401
2024-06-13,0.0025028069738275652,0.0024932298788074726,0.0020135328811594633,0.000489274092668102,0.0004796969976480093
2024-06-14,0.0003827165160963424,0.00031925545486242345,0.0006085511814017952,-0.00022583466530545283,-0.00028929572653937176
2024-06-17,0.007671688723301135,0.007756685195214272,0.00795864829453019,-0.0002869595712290552,-0.00020196309931591865
2024-06-18,0.0024453579006961123,0.002546385604969548,0.0025407055123127797,-9.534761161666743e-05,5.6800926567682035e-06
2024-06-20,-0.002904895365215542,-0.003032035121399412,-0.00271641746130602,-0.00018847790390952215,-0.0003156176600933921
2024-06-21,-0.001674732621970205,-0.0016171560909669861,-0.0013407061120768171,-0.0003340265098933878,-0.000276449978890169
2024-06-24,-0.003450319869405992,-0.003596732087120815,-0.003250512653033333,-0.00019980721637265914,-0.00034621943408748215
2024-06-25,0.004222637168252652,0.00426550272047238,0.0038508483762180745,0.0003717887920345773,0.00041465434425430516
2024-06-26,0.0021517296062864262,0.002018975496171771,0.001248037323762441,0.0009036922825239853,0.00077093817240933
2024-06-27,0.0007356920067963191,0.0008731392453089045,0.0015762949369151347,-0.0008406029301188156,-0.0007031556916062302
2024-06-28,-0.003946986628697234,-0.0038225614337905945,-0.003934877537230652,-1.2109091466581436e-05,0.00011231610344005763
2024-07-01,0.003051599707670921,0.0030135891594426285,0.0020578883736119824,0.0009937113340589385,0.0009557007858306461
2024-07-02,0.006103115694189102,0.006119420077035378,0.006729854689488501,-0.0006267389952993993,-0.0006104346124531238
2024-07-03,0.005094399106733569,0.0050960549332632,0.004462518162005047,0.0006318809447285224,0.0006335367712581533
2024-07-05,0.0058290017731827464,0.0057769116636816435,0.005766470977847771,6.253079533497571e-05,1.0440685833872781e-05
2024-07-08,0.000869073449874419,0.00101976045363072,0.0011539403636429135,-0.0002848669137684945,-0.00013417991001219353
2024-07-09,0.0008600919888660285,0.0007422639261162201,0.0009723676546344873,-0.00011227566576845881,-0.00023010372851826714
2024-07-10,0.010361534421962977,0.010392259321069061,0.009895531655677692,0.0004660027662852853,0.0004967276653913694
2024-07-11,-0.00888216443252457,-0.008861149779210499,-0.008622834507458599,-0.00025932992506597086,-0.00023831527175189986
2024-07-12,0.00528356548197298,0.005438850061261413,0.006307657436101399,-0.001024091954128419,-0.0008688073748399864
2024-07-15,0.002926781390162788,0.002961093904330343,0.0027502318104990486,0.00017654957966373955,0.00021086209383129433
2024-07-16,0.0061761721128632836,0.006223646802890909,0.005930080913369773,0.0002460911994935106,0.0002935658895211364
2024-07-17,-0.013649615242489331,-0.01403365288226575,-0.01402117447015827,0.00037155922766893973,-1.247841210747988e-05
2024-07-18,-0.007923093825208661,-0.007905394055901205,-0.007684813223276632,-0.00023828060193202896,-0.0002205808326245732
2024-07-19,-0.006898335817036352,-0.00702299525846071,-0.006640604165301767,-0.00025773165173458533,-0.0003823910931589434
2024-07-22,0.010615831955823411,0.010776722024074323,0.010309924342275956,0.00030590761354745526,0.00046679768179836746
2024-07-23,-0.001561418826727763,-0.0016210898135726169,-0.0015687460660562813,7.327239328518273e-06,-5.234374751633556e-05
2024-07-24,-0.023083377367039963,-0.023248698208344964,-0.022662370838181678,-0.0004210065288582851,-0.0005863273701632865
2024-07-25,-0.004924595397596456,-0.004936191797910721,-0.005210392136385078,0.0002857967387886219,0.00027420033847435667
2024-07-26,0.010967664073394275,0.0110645715277022,0.01119971183544255,-0.0002320477620482743,-0.00013514030774034944
2024-07-29,0.0008427816007098393,0.0007842585759860422,0.000587779587347903,0.0002550020133619363,0.00019647898863813917
2024-07-30,-0.004983005052816984,-0.005180110028635228,-0.005066577985250231,8.357293243324744e-05,-0.0001135320433849965
2024-07-31,0.01571126478360809,0.015960017951213285,0.01625470242197591,-0.0005434376383678177,-0.00029468447076262325
2024-08-01,-0.013253655343346585,-0.013671706894886653,-0.014160914265491042,0.0009072589221444573,0.0004892073706043894
2024-08-02,-0.017974986666655344,-0.018328222578704773,-0.018618386879309612,0.000643400212654268,0.00029016430060483864
2024-08-05,-0.030372811036050894,-0.030255978267327465,-0.02912381737354308,-0.0012489936625078128,-0.0011321608937843834
2024-08-06,0.010417138508233307,0.010454664745264255,0.009219646681390303,0.001197491826843004,0.0012350180638739522
2024-08-07,-0.007599226643176414,-0.007702187457670325,-0.0066839961423128536,-0.0009152305008635602,-0.0010181913153574718
2024-08-08,0.023067242012176876,0.023391077004226976,0.02311719436478521,-4.995235260833383e-05,0.0002738826394417665
2024-08-09,0.004825381072827139,0.0048203772139919655,0.004409753718971787,0.00041562735385535215,0.0004106234950201782
2024-08-12,0.0003535624737285936,0.00035150549369945437,0.0005254581184506169,-0.00017189564472202325,-0.00017395262475116248
2024-08-13,0.016892741293039828,0.017073142564992195,0.01644542365219892,0.0004473176408409073,0.0006277189127932743
2024-08-14,0.003821264506540701,0.003802258192500277,0.0031548370815228655,0.0006664274250178354,0.0006474211109774117
2024-08-15,0.01624068060120191,0.016485089548620276,0.017140361905951584,-0.0008996813047496728,-0.0006552723573313088
2024-08-16,0.0022721157865121097,0.0022431724987858315,0.0022420918317906935,3.002395472141619e-05,1.080666995138032e-06
2024-08-19,0.009963405486321495,0.009948225176708035,0.009561144985421599,0.000402260500899896,0.00038708019128643606
2024-08-20,-0.0018677018184208548,-0.0019081978936898564,-0.0016258914980240569,-0.00024181032039679792,-0.00028230639566579957
2024-08-21,0.004131363734377915,0.004302472115265365,0.0034364410660061573,0.0006949226683717578,0.0008660310492592076
2024-08-22,-0.008928815714501829,-0.009125741461257398,-0.00784846691775154,-0.001080348796750289,-0.0012772745435058585
2024-08-23,0.01146245070670312,0.011552357326069114,0.010625421484762532,0.0008370292219405887,0.000926935841306582
2024-08-26,-0.003092118718048055,-0.003230203947331391,-0.0023837799197528042,-0.0007083387982952508,-0.0008464240275785867
2024-08-27,0.001629807327700729,0.0016905853047339222,0.0013728762591089794,0.00025693106859174964,0.00031770904562494285
2024-08-28,-0.005894581350449519,-0.00605328398870533,-0.005805250927202188,-8.933042324733072e-05,-0.0002480330615031419
2024-08-29,-0.0002733365996014839,-0.00017823005972849668,8.96338507427874e-05,-0.0003629704503442713,-0.0002678639104712841
2024-08-30,0.010190751248802749,0.010259628373825453,0.00954620986593846,0.0006445413828642891,0.0007134185078869933
2024-09-03,-0.0209152421699578,-0.021287685887334783,-0.02057921276072827,-0.00033602940922952684,-0.0007084731266065111
2024-09-04,-0.0016691539311505653,-0.0016349213706230788,-0.002046876901344641,0.0003777229701940755,0.00041195553072156206
2024-09-05,-0.0028336504426207027,-0.0029117389464907535,-0.0024321523711449133,-0.0004014980714757894,-0.00047958657534584014
2024-09-06,-0.017170984844956223,-0.017282475019796063,-0.016830046442845803,-0.0003409384021104203,-0.00045242857695025965
2024-09-09,0.01160506931355969,0.011678049969741814,0.011196084697615571,0.000408984615944118,0.00048196527212624254
2024-09-10,0.004646344317723201,0.004668456771454917,0.004355900025068804,0.0002904442926543972,0.00031255674638611293
2024-09-11,0.010679624407649206,0.010930726836463405,0.010258946385845125,0.00042067802180408183,0.0006717804506182808
2024-09-12,0.007558643953437228,0.007454378583280397,0.008423171995987966,-0.0008645280425507379,-0.0009687934127075686
2024-09-13,0.0055676512100066924,0.005675907272973079,0.00522262710382293,0.0003450241061837625,0.0004532801691501491
2024-09-16,0.001340326044127005,0.0013411140826207855,0.0014770129874017712,-0.00013668694327476625,-0.00013589890478098578
2024-09-17,0.00039311123351354213,0.00046796825738933915,0.0004086797783009466,-1.5568544787404463e-05,5.928847908839255e-05
2024-09-18,-0.002913251859855229,-0.00296763509439921,-0.002965951435339842,5.269957548461289e-05,-1.6836590593679972e-06
2024-09-19,0.016925836778895437,0.017085089644836265,0.017064491041375307,-0.00013865426247986964,2.059860346095843e-05
2024-09-20,-0.001996398480917049,-0.001995892827948616,-0.0017287449719705084,-0.0002676535089465408,-0.00026714785597810754
2024-09-23,0.0026443953579882574,0.002667865930408307,0.002499043602226525,0.00014535175576173244,0.000168822328181782
2024-09-24,0.0026582611946532834,0.002685465217946154,0.002861222995878876,-0.00020296180122559258,-0.00017575777793272206
2024-09-25,-0.0018925659494606042,-0.0019002044814239352,-0.0022054527099499843,0.0003128867604893801,0.00030524822852604915
2024-09-26,0.0036920468070808536,0.003974452489980726,0.003964638683935373,-0.00027259187685451953,9.813806045352869e-06
2024-09-27,-0.0010211524171921252,-0.00112389692875146,-0.0014504715688140601,0.0004293191516219349,0.0003265746400626002
2024-09-30,0.004366648863502503,0.004261240206236989,0.004007229298663706,0.000359419564838797,0.00025401090757328285
2024-10-01,-0.009384282057183786,-0.009613604884185627,-0.00895832532483809,-0.00042595673234569614,-0.000655279559347537
2024-10-02,-2.6255926297010946e-05,0.00014757032862425945,0.0004219725084146919,-0.00044822843471170284,-0.00027440217979043247
2024-10-03,-0.0015331124856071835,-0.0014969926276260787,-0.0018281767260073245,0.00029506424040014103,0.00033118409838124585
2024-10-04,0.009299538304328753,0.009333622378815845,0.009087270490398813,0.00021226781392993943,0.00024635188841703147
2024-10-07,-0.009559938636626946,-0.009480342525678469,-0.00904035053668073,-0.0005195880999462159,-0.00043999198899773856
2024-10-08,0.009753131353369008,0.009787307649405042,0.00945754134781529,0.0002955900055537173,0.00032976630158975187
2024-10-09,0.00695631719568448,0.007065876866750505,0.006926570504826257,2.9746690858222825e-05,0.00013930636192424802
2024-10-10,-0.0018615808108999419,-0.0018928700516567868,-0.0017500610912019043,-0.00011151971969803752,-0.00014280896045488242
2024-10-11,0.005905404802324892,0.00595132139295234,0.005988267395711899,-8.286259338700745e-05,-3.694600275955945e-05
2024-10-14,0.00771295289174383,0.007734802409488822,0.008178235187614735,-0.00046528229587090505,-0.0004434327781259132
2024-10-15,-0.007363807607083217,-0.007637287739894874,-0.007769627818527525,0.0004058202114443077,0.00013234007863265063
2024-10-16,0.004697111608894823,0.00461292016885298,0.004346497308902908,0.00035061429999191495,0.00026642285995007176
2024-10-17,-0.00034214034238482356,-0.0003010313989604263,8.578339713571914e-05,-0.0004279237395205427,-0.00038681479609614547
2024-10-18,0.0041196790979885,0.004043381376098495,0.003846585926947199,0.0002730931710413012,0.00019679544915129563
2024-10-21,-0.0016650970735288993,-0.0017055403444349972,-0.0016423109811971592,-2.2786092331740027e-05,-6.322936323783796e-05
2024-10-22,-0.00023023281415616892,-0.00032124204770092124,-0.0005310922072517821,0.00030085939309561314,0.00020985015955086084
2024-10-23,-0.009437785776598004,-0.009477455721885615,-0.009137424564856667,-0.000300361211741337,-0.0003400311570289482
2024-10-24,0.0022815345940259643,0.002325022003131957,0.002162726927777525,0.00011880766624843908,0.0001622950753544317
2024-10-25,-0.00028704896372115847,-0.00018229770196159252,-0.0003454826084204887,5.843364469933026e-05,0.0001631849064588962
2024-10-28,0.002654458534644319,0.0026271819229388943,0.0030915338881492005,-0.0004370753535048815,-0.0004643519652103062
2024-10-29,0.0015640119438691147,0.0018515176768580009,0.0016183926419506278,-5.438069808151309e-05,0.00023312503490737304
2024-10-30,-0.0029478071697989798,-0.0033204144732166038,-0.0030251245419649075,7.731737216592777e-05,-0.0002952899312516962
2024-10-31,-0.018542557355195298,-0.01857429295364322,-0.019603270710941034,0.0010607133557457363,0.001028977757297815
2024-11-01,0.004197070068153703,0.004254582070193852,0.004220559958140857,-2.3489889987154088e-05,3.4022112052995226e-05
2024-11-04,-0.0028037252461527978,-0.002754431551518958,-0.002153906679928652,-0.0006498185662241456,-0.0006005248715903059
2024-11-05,0.012414291541808427,0.012477593135871233,0.012091708046168215,0.00032258349564021245,0.0003858850897030183
2024-11-06,0.02519148371383087,0.02528022126233284,0.024865585678215618,0.0003258980356152519,0.00041463558411722334
2024-11-07,0.007577467368392205,0.007851572497507724,0.007732271136789315,-0.00015480376839711006,0.00011930136071840874
2024-11-08,0.004264595637502207,0.004168203409728814,0.004331637402957833,-6.704176545562629e-05,-0.00016343399322901915
2024-11-11,0.0009304526003079698,0.0008480795015365835,0.0009529298360098082,-2.2477235701838386e-05,-0.0001048503344732247
2024-11-12,-0.0027627936849015954,-0.0028525009729789973,-0.0031064472321096215,0.00034365354720802604,0.0002539462591306242
2024-11-13,0.0002647661958295447,0.00013662960093465169,0.00048566537717964486,-0.00022089918135010018,-0.0003490357762449932
2024-11-14,-0.0058139273425864965,-0.005874375485803531,-0.006430121854694826,0.0006161945121083293,0.0005557463688912944
2024-11-15,-0.013197107830248946,-0.013355358337496907,-0.01280850218584828,-0.000388605644400665,-0.000546856151648626
2024-11-18,0.004192700871172073,0.004273481261301577,0.004097381706267278,9.531916490479464e-05,0.00017609955503429878
2024-11-19,0.004248418150665839,0.0043003098994374,0.0036554827170298676,0.000592935433635971,0.0006448271824075324
2024-11-20,-4.2474209640352834e-05,4.30158300058043e-06,0.00033869381016549127,-0.0003811680198058441,-0.00033439222716491083
2024-11-21,0.004999214109246079,0.005309985834476135,0.0053683415882601615,-0.0003691274790140822,-5.83557537840269e-05
2024-11-22,0.0034039302409330967,0.0035537967281767334,0.003099488375636561,0.0003044418652965357,0.00045430835254017246
2024-11-25,0.0030024641245605813,0.003169989661895067,0.0033920479412503646,-0.0003895838166897833,-0.00022205827935529738
2024-11-26,0.006086070760085935,0.00593882231806542,0.005221376941263234,0.0008646938188227012,0.0007174453768021864
2024-11-27,-0.003825986412065136,-0.004039981885266688,-0.003029956675746681,-0.0007960297363184547,-0.0010100252095200067
2024-11-29,0.005772660712953071,0.005779522278252319,0.006212168654423644,-0.00043950794147057295,-0.00043264637617132506
2024-12-02,0.0024999414743698553,0.0027443867385168372,0.0017922584580638556,0.0007076830163059997,0.0009521282804529816
2024-12-03,0.0006825688413629516,0.0006572655072559795,0.0004638854809093651,0.00021868336045358647,0.0001933800263466144
2024-12-04,0.006236943508937517,0.006372552281512368,0.006209500212288388,2.744329664912913e-05,0.00016305206922398018
2024-12-05,-0.001546868788712526,-0.0017413201781655162,-0.00164570260080521,9.883381209268411e-05,-9.561757736030615e-05
2024-12-06,0.002592992420219387,0.0027387133115851117,0.0018957391595642026,0.0006972532606551846,0.0008429741520209091
2024-12-09,-0.00587915311786989,-0.005868430120027734,-0.005149626292031972,-0.0007295268258379175,-0.0007188038279957619
2024-12-10,-0.002840918296333498,-0.0031264945890055362,-0.0031091188730399955,0.00026820057670649735,-1.737571596554079e-05
2024-12-11,0.008334446975579437,0.008413744771395504,0.0077306637810579115,0.0006037831945215257,0.0006830809903375923
2024-12-12,-0.005364977454308814,-0.005350142314780793,-0.005152593115945736,-0.0002123843383630775,-0.00019754919883505691
2024-12-13,0.0001077995100960728,7.105590911105693e-05,-0.0001987246258569053,0.0003065241359529781,0.00026978053496796224
2024-12-16,0.004105388514269802,0.0041663121022999005,0.004269983995014881,-0.00016459548074507918,-0.00010367189271498056
2024-12-17,-0.0036684111725098665,-0.003743095841412372,-0.004119951004549094,0.0004515398320392274,0.00037685516313672174
2024-12-18,-0.02953063818768551,-0.029648634267541555,-0.029803473706515593,0.0002728355188300821,0.00015483943897403804
2024-12-19,-0.001033441947181717,-0.0011249037653348313,-0.000306999319557244,-0.0007264426276244729,-0.0008179044457775873
2024-12-20,0.010951674957825475,0.01107647348575334,0.01201088957923413,-0.0010592146214086547,-0.0009344160934807895
2024-12-23,0.007635240699333465,0.00763677123442334,0.005988323763746806,0.0016469169355866594,0.0016484474706765341
2024-12-24,0.011114025188163072,0.011075652539597235,0.011115065448212613,-1.0402600495416914e-06,-3.94129086153782e-05
2024-12-26,-0.0002940215381893741,-0.00030330591444814467,6.652365111459169e-05,-0.00036054518930396577,-0.00036982956556273636
2024-12-27,-0.011025205569749784,-0.011036858295609407,-0.010526513060112985,-0.0004986925096367983,-0.0005103452354964216
2024-12-30,-0.010624300405792401,-0.010704021053204277,-0.011411712672685148,0.000787412266892747,0.000707691619480871
2024-12-31,-0.004343586031372296,-0.004352470056848567,-0.0036379457138790983,-0.000705640317493198,-0.000714524342969469
2025-01-02,-0.002101042809026935,-0.002060095147967942,-0.002457043731384778,0.0003560009223578433,0.0003969485834168364
2025-01-03,0.012818014095108408,0.01291184370458332,0.012503472598431431,0.0003145414966769771,0.00040837110615188875
2025-01-06,0.005817177796377248,0.005960678790003677,0.005760666087019084,5.651170935816376e-05,0.0002000127029845927
2025-01-07,-0.011485338943227355,-0.011478857768164428,-0.011304118200672453,-0.00018122074255490228,-0.00017473956749197543
2025-01-08,0.001429481423406155,0.0013479334939786335,0.0014609389751862878,-3.1457551780132795e-05,-0.00011300548120765424
2025-01-10,-0.01523042220330787,-0.015325522567097776,-0.015267481874933542,3.705967162567249e-05,-5.8040692164234436e-05
2025-01-13,0.0013880326967313456,0.0012518197027173732,0.0015505471876331445,-0.00016251449090179892,-0.0002987274849157713
2025-01-14,0.00078181012657101,0.0009530829675062066,0.0013758227325151307,-0.0005940126059441206,-0.00042273976500892404
2025-01-15,0.018848491615060182,0.018793951180634698,0.01818998067369071,0.000658510941369473,0.0006039705069439891
2025-01-16,-0.002456217867419669,-0.0024011476627525995,-0.001922965434359436,-0.0005332524330602332,-0.0004781822283931635
2025-01-17,0.010150673768349223,0.010208110268230526,0.010039847926063716,0.00011082584228550713,0.0001682623421668094
2025-01-21,0.008733590110936301,0.008847420944701668,0.00915337711919939,-0.00041978700826308946,-0.00030595617449772315
2025-01-22,0.0061785519932659036,0.006363650802496662,0.005621571292272476,0.0005569807009934277,0.0007420795102241863
2025-01-23,0.005403475768974247,0.005368862311007728,0.005458124141488607,-5.464837251436053e-05,-8.926183048087958e-05
2025-01-24,-0.0027856197601427166,-0.002887992648849188,-0.002919379805443101,0.00013376004530038423,3.138715659391266e-05
2025-01-27,-0.014727420137492448,-0.015079381116701108,-0.014145267289494612,-0.0005821528479978359,-0.0009341138272064963
2025-01-28,0.00949491913178282,0.009508804432984968,0.008592344588856049,0.000902574542926771,0.0009164598441289192
2025-01-29,-0.004770050654616499,-0.004737275207680892,-0.004483022040526308,-0.00028702861409019096,-0.00025425316715458387
2025-01-30,0.005086049013037295,0.005193611800964054,0.005367181849862845,-0.0002811328368255506,-0.00017357004889879176
2025-01-31,-0.004941333767377871,-0.004886606338743236,-0.005321847370101107,0.00038051360272323576,0.00043524103135787143
2025-02-03,-0.007649064495350665,-0.007708866598003171,-0.006729751225148517,-0.0009193132702021477,-0.0009791153728546543
2025-02-04,0.007358368295861144,0.007454149295128665,0.006708327541154135,0.0006500407547070089,0.0007458217539745293
2025-02-05,0.0037120174012761904,0.003863754476502494,0.004054706329101654,-0.00034268892782546344,-0.00019095185259915964
2025-02-06,0.0037638339146094943,0.0036570326331685126,0.003475613674087885,0.0002882202405216092,0.00018141895908062745
2025-02-07,-0.009511168511178406,-0.009463052800923778,-0.009153582388062631,-0.00035758612311577453,-0.00030947041286114724
2025-02-10,0.00698595440820335,0.0071032629796340405,0.006791192125803924,0.00019476228239942613,0.0003120708538301162
2025-02-11,0.00040326513577302345,0.0002899927779611372,0.000760531944440368,-0.00035726680866734453,-0.00047053916647923075
2025-02-12,-0.002498847659753713,-0.0024982802322468735,-0.0032214928773622864,0.0007226452176085736,0.0007232126451154129
2025-02-13,0.010545865895794438,0.010602439550266036,0.010557465543251876,-1.1599647457437648e-05,4.4974007014159795e-05
2025-02-14,0.00015011634717209608,0.00016683242482583763,-4.9152160770615794e-05,0.00019926850794271188,0.00021598458559645342
2025-02-18,0.0025974546354877396,0.0028516666286315757,0.002935868815777898,-0.0003384141802901582,-8.420218714632211e-05
2025-02-19,0.002210337790405343,0.002206885783842515,0.0023550445617528393,-0.00014470677134749638,-0.00014815877791032406
2025-02-20,-0.004088661690014657,-0.004205733892608568,-0.004160464644991091,7.180295497643402e-05,-4.526924761747743e-05
2025-02-21,-0.016898639522699273,-0.017197948414505542,-0.01710398133557789,0.00020534181287861636,-9.396707892765296e-05
2025-02-24,-0.005080505206058791,-0.005200504143946911,-0.0045505827357145145,-0.0005299224703442761,-0.0006499214082323962
2025-02-25,-0.004881014037416935,-0.0050196173361989095,-0.004973053296503771,9.203925908683568e-05,-4.6564039695138476e-05
2025-02-26,0.00015606739719244335,0.00036960914117752325,0.0005046465936875411,-0.0003485791964950977,-0.0001350374525100178
2025-02-27,-0.016204000944579612,-0.01653340503895817,-0.01596193074154484,-0.0002420702030347735,-0.0005714742974133324
2025-02-28,0.016255836326591444,0.016050985544056554,0.015605821812948895,0.0006500145136425495,0.00044516373110765894
2025-03-03,-0.017678503023611042,-0.017863625377522233,-0.01752007925928789,-0.0001584237643231512,-0.0003435461182343426
2025-03-04,-0.012164679632585763,-0.011977370021414415,-0.011836893452684794,-0.00032778617990096917,-0.00014047656872962118
2025-03-05,0.011123187059973816,0.01115286829377454,0.010747808210532117,0.0003753788494416984,0.0004050600832424221
2025-03-06,-0.01788351961520764,-0.018118097439641333,-0.017751102879487224,-0.00013241673572041493,-0.00036699456015410956
2025-03-07,0.00562149350278427,0.005797494971273353,0.0056047548786040124,1.6738624180257476e-05,0.00019274009266934036
2025-03-10,-0.02712036824893355,-0.02729953921146255,-0.02663534370144982,-0.00048502454748372906,-0.0006641955100127293
2025-03-11,-0.007487488333287875,-0.007438379316393794,-0.008313178432945767,0.0008256900996578918,0.0008747991165519728
2025-03-12,0.005137403712962857,0.005235969559694699,0.005306776431826643,-0.0001693727188637863,-7.080687213194443e-05
2025-03-13,-0.014041272483589653,-0.014103917198146212,-0.01333052797936185,-0.0007107445042278029,-0.0007733892187843615
2025-03-14,0.02160316583626929,0.021781402373001996,0.02065582868057092,0.0009473371556983703,0.0011255736924310755
2025-03-17,0.006391029172377883,0.006620474068629616,0.007711215109664327,-0.0013201859372864435,-0.0010907410410347105
2025-03-18,-0.010721767184233889,-0.010761521145458426,-0.010808446655089399,8.667947085551006e-05,4.6925509630972584e-05
2025-03-19,0.010955838127979293,0.010995559619100221,0.010890895685803592,6.494244217570069e-05,0.00010466393329662885
2025-03-20,-0.0017359899976055737,-0.0018827406099056676,-0.002891692811274549,0.001155702813668975,0.0010089522013688812
2025-03-21,0.0009426930432042506,0.0009309934810440111,0.0003298107530131933,0.0006128822901910573,0.0006011827280308178
2025-03-24,0.01771735577802319,0.01781774226836954,0.017908555198050014,-0.0001911994200268219,-9.081292968047411e-05
2025-03-25,0.0016192950982655732,0.001600018532463541,0.0024037742901859005,-0.0007844791919203273,-0.0008037557577223594
2025-03-26,-0.011276639714995955,-0.011427493712826114,-0.011938126986071662,0.0006614872710757076,0.0005106332732455476
2025-03-27,-0.0033147604648084213,-0.003521352191798572,-0.0026556432337285774,-0.0006591172310798439,-0.0008657089580699946
2025-03-28,-0.019678725248653953,-0.01975738169383777,-0.020138390607440493,0.00045966535878654013,0.0003810089136027234
2025-03-31,0.005458816923203228,0.0053262203973860394,0.00671277169810125,-0.0012539547748980215,-0.0013865513007152103
2025-04-01,0.0038388056475208874,0.0038795180266721686,0.002824468752555598,0.0010143368949652896,0.0010550492741165708
2025-04-02,0.006681781698205074,0.0067584216228053174,0.00632832407041195,0.00035345762779312364,0.0004300975523933671
2025-04-03,-0.04847783545567283,-0.04902732159811993,-0.04928069709227745,0.0008028616366046182,0.0002533754941575206
2025-04-04,-0.05965986968648808,-0.05986470038335996,-0.05854306726048053,-0.0011168024260075488,-0.0013216331228794315
2025-04-07,-0.00212507364197174,-0.0018137535415505967,-0.0017811321197329644,-0.0003439415222387756,-3.2621421817632295e-05
2025-04-08,-0.01571594245602327,-0.015923960641575537,-0.01566283611567232,-5.310634035095296e-05,-0.0002611245259032183
2025-04-09,0.09563810486409037,0.09636395679758726,0.10501934995636097,-0.009381245092270604,-0.008655393158773714
2025-04-10,-0.034335317349950774,-0.034703317207847216,-0.04381910665097133,0.009483789301020555,0.009115789443124113
2025-04-11,0.018326974782000308,0.018256040296323602,0.017842825299162257,0.0004841494828380505,0.0004132149971613451
2025-04-14,0.007804707066385769,0.007874595658873374,0.009701552505080091,-0.0018968454386943216,-0.001826956846206717
2025-04-15,-0.0015770023611696026,-0.0014524039368884886,-0.0028009238239182777,0.001223921462748675,0.001348519887029789
2025-04-16,-0.02272714636642009,-0.022770651085512246,-0.02222803272207108,-0.0004991136443490106,-0.0005426183634411677
2025-04-17,0.0012634448237217515,0.0012564480042371235,0.0014268092873082061,-0.00016336446358645464,-0.00017036128307108258
2025-04-21,-0.023699222240062146,-0.02371321445091425,-0.023802643664465384,0.00010342142440323762,8.942921355113362e-05
2025-04-22,0.02504644958328289,0.025041271493082874,0.026017697286444985,-0.000971247703162096,-0.0009764257933621116
2025-04-23,0.016976090478006304,0.017161883398429306,0.015495355748962103,0.001480734729044201,0.0016665276494672032
2025-04-24,0.02041640914778527,0.020853360323339197,0.021049134902774158,-0.000632725754988888,-0.00019577457943496107
2025-04-25,0.00775946640077083,0.007806333908209632,0.007225151050962442,0.0005343153498083885,0.0005811828572471903
2025-04-28,0.0005572711161675444,0.0005621894263063904,0.00038141420809401083,0.00017585690807353353,0.00018077521821237958
2025-04-29,0.005836350655307113,0.005807964492957741,0.006299340378101537,-0.00046298972279442373,-0.0004913758851437956
2025-04-30,0.0014032770068155213,0.0014268751776519448,0.000396812712974981,0.0010064642938405403,0.0010300624646769638
2025-05-01,0.006517231759474095,0.006472070132792334,0.007086915718260034,-0.0005696839587859392,-0.0006148455854676996
2025-05-02,0.014676577285022127,0.014827216989475726,0.014844241310975725,-0.0001676640259535983,-1.7024321499999398e-05
2025-05-05,-0.006422275726894484,-0.006378782657932878,-0.005734294466325229,-0.0006879812605692544,-0.0006444881916076485
2025-05-06,-0.007741069532218518,-0.0077133945659539245,-0.008358430352621848,0.0006173608204033303,0.0006450357866679239
2025-05-07,0.004285176019450209,0.004448125913407481,0.00420554784974847,7.962816970173876e-05,0.00024257806365901146
2025-05-08,0.0056648395548161085,0.005884878076802058,0.006967790512363292,-0.0013029509575471837,-0.001082912435561234
2025-05-09,-0.0005839047917132797,-0.0005545386817383263,-0.0012741154091596707,0.000690210617446391,0.0007195767274213444
2025-05-12,0.03280586426109803,0.03309319052042729,0.03304739833427317,-0.00024153407317514114,4.579218615412273e-05
2025-05-13,0.007396138269886404,0.007682643868432968,0.006603834423700716,0.0007923038461856878,0.001078809444732252
2025-05-14,0.0013397092084707347,0.001351310068181784,0.0012780596636838837,6.164954478685104e-05,7.325040449790042e-05
2025-05-15,0.004175481955816964,0.004107722237942344,0.004884342398821628,-0.0007088604430046646,-0.0007766201608792843
2025-05-16,0.007177987620601496,0.007139234527047557,0.006334078244299102,0.0008439093763023941,0.0008051562827484553
2025-05-19,0.0010288255400618981,0.000917291731785043,0.0010938140906693317,-6.498855060743354e-05,-0.00017652235888428864
2025-05-20,-0.0038356042377758457,-0.003816214167893545,-0.003362128049795521,-0.0004734761879803249,-0.00045408611809802423
2025-05-21,-0.016132403852732687,-0.016211342137236615,-0.01685079340484308,0.000718389552110392,0.000639451267606464
2025-05-22,-0.0003427917567037937,-0.0004397637040987488,0.0003946470773714683,-0.000737438834075262,-0.0008344107814702172
2025-05-23,-0.0066898334519208316,-0.006736780800901809,-0.006825886893621624,0.00013605344170079282,8.910609271981559e-05
2025-05-27,0.02044800871417079,0.02046484420680162,0.020790776540780653,-0.00034276782660986466,-0.00032593233397903293
2025-05-28,-0.005453190610402464,-0.005504490837671969,-0.005785518908830278,0.00033232829842781437,0.0002810280711583093
2025-05-29,0.003973467605673723,0.0038297532898178247,0.0039473827948730555,2.608481080066706e-05,-0.00011762950505523088
2025-05-30,4.7686063161087394e-05,4.2409377256828356e-05,-0.0011184568183596477,0.001166142881520735,0.0011608661956164761
2025-06-02,0.004362825955236403,0.004354816929431266,0.005633111214039088,-0.0012702852588026853,-0.0012782942846078218
2025-06-03,0.005670203327416621,0.005952481332343897,0.005702380880463043,-3.217755304642158e-05,0.0002501004518808544
2025-06-04,4.6258894152996934e-05,9.011222687945302e-05,-0.0002683402981673577,0.00031459919232035467,0.0003584525250468107
2025-06-05,-0.005296652413416492,-0.0052379343914914,-0.004832872149647116,-0.0004637802637693757,-0.0004050622418442836
2025-06-06,0.010447277092832325,0.010474183778520371,0.010268979858962801,0.00017829723386952358,0.00020520391955757
2025-06-09,0.0011657605362326224,0.0012504474143909135,0.0009012828881442836,0.0002644776480883388,0.00034916452624662994
2025-06-10,0.0056596237999575645,0.005696695413701178,0.005669767615193333,-1.0143815235768433e-05,2.692779850784529e-05
2025-06-11,-0.002682071006928171,-0.0027153571463189325,-0.0028521190306726174,0.00017004802374444641,0.0001367618843536849
2025-06-12,0.0039027927840051724,0.003905668103885081,0.003974329163849877,-7.153637984470438e-05,-6.866105996479596e-05
2025-06-13,-0.011030164607927455,-0.01117432289393936,-0.01118006439646746,0.00014989978854000434,5.741502528099074e-06
2025-06-16,0.009354516661953154,0.009583678997111517,0.009514299887150468,-0.00015978322519731407,6.937910996104857e-05
2025-06-17,-0.00819383649292351,-0.008277241312524511,-0.008545134095127027,0.00035129760220351663,0.00026789278260251626
2025-06-18,-0.0003903065498734532,-0.0004155030356375087,-0.00015063575417118003,-0.00023967079570227316,-0.00026486728146632866
2025-06-20,-0.001977895151793186,-0.0020136083964957304,-0.002348535817909503,0.0003706406661163168,0.0003349274214137724
2025-06-23,0.009575191326543971,0.00957299013693323,0.009877375905910313,-0.00030218457936634184,-0.00030438576897708243
2025-06-24,0.010974271866848304,0.011181889834575583,0.011047208993087754,-7.29371262394498e-05,0.00013468084148782894
2025-06-25,0.00017801339319245568,0.0002074555019012203,0.0005603646306042709,-0.0003823512374118152,-0.0003529091287030506
2025-06-26,0.007921749846571747,0.007952306756783496,0.007823779874487347,9.796997208440066e-05,0.00012852688229614967
2025-06-27,0.005430341862357912,0.005275073777699731,0.0049683317640052405,0.00046201009835267117,0.00030674201369449046
2025-06-30,0.005109158654815452,0.005212120823170671,0.004781206068339872,0.0003279525864755802,0.00043091475483079955
2025-07-01,-0.001424353532046712,-0.001407905059452778,-0.0003235797161743603,-0.0011007738158723517,-0.0010843253432784178
2025-07-02,0.0048392891284595365,0.004895325720858911,0.0045333761723596044,0.00030591295609993206,0.00036194954849930617
2025-07-03,0.008550510349309407,0.008691513841328448,0.007881385172987976,0.000669125176321431,0.0008101286683404717
2025-07-07,-0.0077386056837215325,-0.007796703383047773,-0.0074522132118458595,-0.000286392471875673,-0.00034449017120191314
2025-07-08,-0.0008656337603280605,-0.0007415783854948069,-0.0005476171019968001,-0.00031801665833126034,-0.00019396128349800674
2025-07-09,0.006255642982966814,0.0061988870896078335,0.005996626767211355,0.00025901621575545944,0.00020226032239647855
2025-07-10,0.0029657077856594057,0.0027741544238128694,0.002820211585405019,0.0001454962002543866,-4.605716159214977e-05
2025-07-11,-0.003234715752775121,-0.003397088718376537,-0.003515227505248797,0.00028051175247367603,0.0001181387868722599
2025-07-14,0.0014157298166083325,0.001421100054451378,0.0019081170382848622,-0.0004923872216765297,-0.00048701698383348414
2025-07-15,-0.0036894088824589413,-0.0036397173163287408,-0.004273265144196681,0.0005838562617377393,0.0006335478278679399
2025-07-16,0.0032086344202419,0.0031760212456839253,0.0033431911185151097,-0.00013455669827320974,-0.0001671698728311845
2025-07-17,0.0051277200854898215,0.005208721732741796,0.006119689977517551,-0.0009919698920277291,-0.0009109682447757542
2025-07-18,-0.00010054251249459471,-9.203630718468453e-06,-0.0007324129021104575,0.0006318703896158628,0.000723209271391989
2025-07-21,0.0015520674529723364,0.001523167813121427,0.001896175165666536,-0.0003441077126941996,-0.00037300735254510906
2025-07-22,0.0003549540943201744,0.00031395044824744623,0.0001431211632245688,0.00021183293109560558,0.00017082928502287742
2025-07-23,0.007759734140566263,0.007637277225826203,0.00850744324203112,-0.0007477091014648574,-0.000870166016204918
2025-07-24,0.00072732860654662,0.0006490236978703753,0.00033114960935609616,0.0003961789971905238,0.00031787408851427913
2025-07-25,0.0038207628849698107,0.0038309798004384464,0.004224349640319147,-0.0004035867553493365,-0.00039336983988070076
2025-07-28,0.000368288882506717,0.0004938532451659424,-0.0002511001451916961,0.0006193890276984131,0.0007449533903576385
2025-07-29,-0.0028175628555706356,-0.0027584818399550076,-0.0026376486020820433,-0.0001799142534885923,-0.00012083323787296426
2025-07-30,-0.0008010971366573603,-0.0007804011095856867,-0.001259331011043141,0.00045823387438578074,0.00047892990145745437
2025-07-31,-0.003433076594541735,-0.0036327474476771154,-0.0037512265266995692,0.0003181499321578342,0.00011847907902245384
2025-08-01,-0.016108260775367072,-0.016132646758649047,-0.016390466901213152,0.0002822061258460802,0.00025782014256410524
2025-08-04,0.014958627438126988,0.014949660980922102,0.015199913193138181,-0.00024128575501119326,-0.0002502522122160792
2025-08-05,-0.004519916380137962,-0.004722205582619909,-0.005069966077998811,0.0005500496978608493,0.00034776049537890187
2025-08-06,0.0074949921987896,0.007450334759118388,0.007659581475386812,-0.00016458927659721186,-0.00020924671626842365
2025-08-07,-0.0008140331124498595,-0.0008483398509251761,-0.000837526803775912,2.3493691326052584e-05,-1.0813047149264019e-05
2025-08-08,0.008401497365025703,0.008308192992657336,0.007797475344291982,0.0006040220207337212,0.0005107176483653535
2025-08-11,-0.0023657852322980207,-0.002479453261727387,-0.0019774432364148,-0.0003883419958832209,-0.0005020100253125873
2025-08-12,0.011418343748804145,0.011595976217532826,0.010646017662282237,0.000772326086521908,0.0009499585552505893
2025-08-13,0.00298342035834337,0.0031037150700403606,0.003423147456803166,-0.0004397270984597963,-0.0003194323867628055
2025-08-14,0.0005809767117965395,0.0004183551039166763,9.296545483872265e-05,0.0004880112569578169,0.00032538964907795364
2025-08-15,-0.0026978482705660163,-0.002711655161607622,-0.002341290080229208,-0.00035655819033680826,-0.0003703650813784141
2025-08-18,-0.00025248077310432174,-0.00011053650060823206,-0.00021744013365154746,-3.504063945277428e-05,0.0001069036330433154
2025-08-19,-0.005950883435113832,-0.0059891509699263904,-0.0054252252305696524,-0.0005256582045441794,-0.000563925739356738
2025-08-20,-0.0025914009060809522,-0.0026509328950979874,-0.0026570836306466505,6.56827245656983e-05,6.150735548663116e-06
2025-08-21,-0.003856531973625214,-0.0038518562457792336,-0.004011725826335022,0.0001551938527098078,0.00015986958055578832
2025-08-22,0.01513465109009988,0.015271655608008665,0.015356788214081707,-0.00022213712398182726,-8.513260607304236e-05
2025-08-25,-0.004168857982469536,-0.004185042364601356,-0.0044010616726667395,0.00023220369019720348,0.00021601930806538355
2025-08-26,0.004205550984622047,0.004128130046639038,0.004186940142142603,1.861084247944348e-05,-5.881009550356541e-05
2025-08-27,0.0023507136617915312,0.002434017858705086,0.0022785132820093423,7.22003797821889e-05,0.00015550457669574356
2025-08-28,0.0031121978023232358,0.0032440239763844663,0.003541362732142783,-0.0004291649298195474,-0.0002973387557583169
2025-08-29,-0.006353812924184901,-0.006443751900996153,-0.0059636816039791984,-0.0003901313202057024,-0.0004800702970169544
2025-09-02,-0.006676940626064222,-0.006727419866801906,-0.007410200132466738,0.0007332595064025154,0.0006827802656648313
2025-09-03,0.005347943131082005,0.0053047899966170015,0.005419463056600904,-7.151992551889929e-05,-0.00011467305998390243
2025-09-04,0.008539314102154508,0.00850411603940642,0.008357456059411517,0.00018185804274299146,0.0001466599799949033
2025-09-05,-0.003077448499251164,-0.0028202510789200707,-0.0028962430390079286,-0.00018120546024323527,7.599196008785782e-05
2025-09-08,0.0021282725418794264,0.0022041344831179336,0.0024566370092480305,-0.00032836446736860415,-0.0002525025261300969
2025-09-09,0.002920112286228153,0.002896344811112683,0.002311825610804341,0.0006082866754238119,0.0005845192003083419
2025-09-10,0.0033498954173625693,0.003278572248291663,0.00289075963033647,0.0004591357870260991,0.0003878126179551926
2025-09-11,0.008301921730880988,0.008389696903865942,0.008310359891924524,-8.438161043535647e-06,7.933701194141884e-05
2025-09-12,-0.00014508773342051298,-0.0003094382164517497,-0.0003347065098450175,0.0001896187764245045,2.52682933932678e-05
2025-09-15,0.005139326693333752,0.005163055434403993,0.005323952420932088,-0.00018462572759833564,-0.00016089698652809424
2025-09-16,-0.001114354650814356,-0.0010900864202029938,-0.0013767927852816886,0.0002624381344673325,0.0002867063650786948
2025-09-17,-0.0010847299307948485,-0.0009894516481605733,-0.0012424352925486382,0.00015770536175378964,0.00025298364438806485
2025-09-18,0.004735104009062266,0.00509807077103792,0.004672351764394733,6.275224466753288e-05,0.0004257190066431866
2025-09-19,0.004989505486336217,0.004946951505644678,0.004952968179340322,3.653730699589453e-05,-6.016673695644591e-06
2025-09-22,0.004613978785995081,0.004791022466161485,0.004731007968096224,-0.00011702918210114259,6.0014498065261504e-05
2025-09-23,-0.005647724474021908,-0.005684008437760274,-0.0054434748398075605,-0.0002042496342143478,-0.00024053359795271363
2025-09-24,-0.002834147758566895,-0.0028929901335971978,-0.003181633452613686,0.00034748569404679077,0.000288643319016488
2025-09-25,-0.004832127937918805,-0.004873067951836789,-0.0046134974884720625,-0.00021863044944674288,-0.00025957046336472656
2025-09-26,0.005716524745707833,0.005704983484320607,0.005729144366994232,-1.2619621286399235e-05,-2.4160882673624796e-05
2025-09-29,0.0020209292616843776,0.002036047682299271,0.0028103664411398555,-0.0007894371794554779,-0.0007743187588405845
2025-09-30,0.004049402293053998,0.003997128072281483,0.0037668667591119753,0.00028253553394202297,0.00023026131316950752
2025-10-01,0.0036046059063307248,0.0036701863288463783,0.0034075694259330103,0.0001970364803977145,0.000262616902913368
2025-10-02,0.0005503070615459194,0.0007102115868186846,0.001151711603039951,-0.0006014045414940316,-0.00044150001622126646
2025-10-03,0.00013290527192632556,6.567804031476633e-05,-1.4767362221612679e-05,0.00014767263414793824,8.0445402536379e-05
2025-10-06,0.0036995420982304716,0.003821215434833403,0.003586228910336109,0.0001133131878943627,0.00023498652449729408
2025-10-07,-0.0037758558402546743,-0.003934182402450916,-0.003707492250961897,-6.836358929277744e-05,-0.00022669015148901912
2025-10-08,0.0059567335462436,0.006219610973941241,0.005963052412792269,-6.318866548668707e-06,0.0002565585611489715
2025-10-09,-0.00247786232851532,-0.002558786282322678,-0.0028970083792374535,0.00041914605072213354,0.00033822209691477525
2025-10-10,-0.02720020977766639,-0.027518080804224257,-0.02702782789908964,-0.00017238187857674878,-0.0004902529051346166
2025-10-13,0.01578774868666002,0.01599721272301218,0.015344074693208754,0.00044367399345126776,0.0006531380298034281
2025-10-14,-0.0017790997808175976,-0.0018453034501918282,-0.0012216548034567065,-0.000557444977360891,-0.0006236486467351217
2025-10-15,0.004308614396663998,0.00440806631496908,0.004439615866679292,-0.00013100147001529356,-3.154955171021188e-05
2025-10-16,-0.006046916680304987,-0.0060215843382755655,-0.006810260525524803,0.0007633438452198157,0.0007886761872492373
2025-10-17,0.005308476763273155,0.00522151009109446,0.005676300358907982,-0.0003678235956348268,-0.0004547902678135223
2025-10-20,0.010837216531310862,0.010865736441273912,0.010400475399621634,0.00043674113168922814,0.00046526104165227865
2025-10-21,-0.00016712514497131865,-2.7784282596257007e-05,-1.4995920012528252e-05,-0.0001521292249587904,-1.2788362583728755e-05
2025-10-22,-0.005300617030000999,-0.005482699283447492,-0.005198815962920711,-0.00010180106708028783,-0.00028388332052678086
2025-10-23,0.005763740992346079,0.005898737659387809,0.005929891190499692,-0.00016615019815361277,-3.115353111188268e-05
2025-10-24,0.008146265599822637,0.008135782628891475,0.008172571104630766,-2.6305504808128363e-05,-3.6788475739291115e-05
2025-10-27,0.012540443820421075,0.012546094314516455,0.011797712023148943,0.0007427317972721319,0.0007483822913675123
2025-10-28,0.002731933089141906,0.0025950575510270764,0.002655998956591077,7.593413255082898e-05,-6.094140556400047e-05
2025-10-29,0.00011991181095063401,3.615411256766035e-05,0.0004802976988058649,-0.0003603858878552309,-0.00044414358623820455
2025-10-30,-0.010193319912326693,-0.010114061919680496,-0.010998144919191377,0.0008048250068646845,0.0008840829995108816
2025-10-31,0.002827467268706883,0.0029639618253790322,0.0032802806107155025,-0.0004528133420086196,-0.00031631878533647023
2025-11-03,0.0019007880202902483,0.0018391962599179975,0.0018766870879645126,2.41009323257357e-05,-3.7490828046515086e-05
2025-11-04,-0.01172268562558549,-0.012087181744975747,-0.011853539942447533,0.00013085431686204324,-0.00023364180252821373
2025-11-05,0.003384246934570154,0.00358175550286859,0.003465389196996238,-8.11422624260841e-05,0.00011636630587235188
2025-11-06,-0.011270616654774416,-0.011374811125451668,-0.010729333212666003,-0.0005412834421084124,-0.000645477912785665
2025-11-07,0.0011906699887091528,0.001157997245318164,0.0009845075813768034,0.00020616240733234946,0.00017348966394136064
2025-11-10,0.01577302234553681,0.015804626221396813,0.015604434791510524,0.00016858755402628448,0.00020019142988628863
2025-11-11,0.0021786694796131234,0.001948299579788742,0.0022891497024457585,-0.0001104802228326352,-0.00034085012265701645
2025-11-12,0.0006123482849061075,0.0006859848451274303,0.0005563986064420767,5.594967846403074e-05,0.0001295862386853536
2025-11-13,-0.016605851514774343,-0.016788046468207737,-0.016594021470737852,-1.18300440364906e-05,-0.00019402499746988544
2025-11-14,-0.00011099940692878647,-0.00011357296506569301,-0.00016358609958400105,5.2586692655214585e-05,5.001313451830804e-05
2025-11-17,-0.008993426360674362,-0.009212627640209003,-0.009316523930962162,0.00032309757028779924,0.00010389629075315855
2025-11-18,-0.008344729050637404,-0.00838502106356735,-0.00839746055820656,5.2731507569155414e-05,1.2439494639209306e-05
2025-11-19,0.003852377402887449,0.0038203182204439895,0.003863199783587179,-1.0822380699730162e-05,-4.2881563143189454e-05
2025-11-20,-0.015370002094815849,-0.015628234391902075,-0.015242336682765423,-0.0001276654120504258,-0.0003858977091366518
2025-11-21,0.009678852685349643,0.009822475977199777,0.009961222976632822,-0.00028237029128317867,-0.00013874699943304536
2025-11-24,0.01596067724384149,0.015986003530728828,0.014718507062180475,0.0012421701816610169,0.0012674964685483528
2025-11-25,0.008956954297655643,0.009034542893795733,0.00940589965210692,-0.00044894535445127656,-0.0003713567583111862
2025-11-26,0.006982481349299448,0.006987552011244741,0.006903575013019525,7.89063362799233e-05,8.397699822521639e-05
2025-11-28,0.005403409308201707,0.005538551297829968,0.005458406338614941,-5.499703041323377e-05,8.01449592150276e-05
2025-12-01,-0.00517680090560366,-0.005124757540408061,-0.004565415602551193,-0.0006113853030524675,-0.0005593419378568682
2025-12-02,0.00254522392209657,0.0027438465250351016,0.0018522092741120044,0.0006930146479845658,0.0008916372509230972
2025-12-03,0.0029329487268237916,0.0031132188856330414,0.0034627677932603795,-0.000529819066436588,-0.0003495489076273382
2025-12-04,0.0011941354435306929,0.0012792268200955653,0.0007310561539983773,0.0004630792895323156,0.000548170666097188
2025-12-05,0.002160001499051455,0.002289256065848093,0.0018995368427094927,0.0002604646563419623,0.0003897192231386002
2025-12-08,-0.0034200214307097917,-0.003325515579087766,-0.0030042775146746914,-0.0004157439160351003,-0.00032123806441307443
2025-12-09,-0.0008962275498471286,-0.0008453519773800841,-0.0008631449669616043,-3.3082582885524386e-05,1.7792989581520116e-05
2025-12-10,0.0065937994832359036,0.006672813070098254,0.00663226800901473,-3.846852577882656e-05,4.0545061083523994e-05
2025-12-11,0.0018001394321700004,0.0017860280251575328,0.002326948130527251,-0.0005268086983572506,-0.0005409201053697182
2025-12-12,-0.010534775921221698,-0.010829351907027447,-0.010752057995096265,0.00021728207387456712,-7.729391193118246e-05
2025-12-15,-0.0015876862540543737,-0.0017126624803526073,-0.0015107978831542246,-7.688837090014914e-05,-0.0002018645971983827
2025-12-16,-0.0023955640565879116,-0.0023665570414271877,-0.00273229759527871,0.0003367335386907982,0.0003657405538515222
2025-12-17,-0.011616321788365557,-0.011719839443868257,-0.011003620102041367,-0.0006127016863241904,-0.0007162193418268903
2025-12-18,0.008068552965432152,0.008120453465566719,0.0075513325776148665,0.0005172203878172858,0.000569120887951852
2025-12-19,0.008831332677618063,0.00894722598007903,0.009063445479451815,-0.00023211280183375177,-0.00011621949937278518
2025-12-22,0.0066106710966344516,0.006636645564143062,0.006229892278320159,0.0003807788183142922,0.0004067532858229028
2025-12-23,0.004665806028799125,0.0044955858835157665,0.004570454818432879,9.535121036624659e-05,-7.486893491711211e-05
2025-12-24,0.003287248335344322,0.003263472119171618,0.0035176203055324873,-0.0002303719701881651,-0.0002541481863608695
2025-12-26,-0.00019406965026291348,-0.00015852292566491988,-0.00010141503224314619,-9.265461801976729e-05,-5.710789342177369e-05
2025-12-29,-0.0034898355643806847,-0.0035046400726658003,-0.003563628207054803,7.379264267411839e-05,5.89881343890028e-05
2025-12-30,-0.0013242046809710725,-0.001381738033619696,-0.0012211007345822589,-0.00010310394638881368,-0.0001606372990374371
2025-12-31,-0.007235041822924282,-0.0073363997703351416,-0.007408967373390696,0.0001739255504664139,7.256760305555422e-05
2026-01-02,0.0019189003029203237,0.0019425130976248176,0.0018330397334518356,8.58605694684881e-05,0.00010947336417298204
2026-01-05,0.00638365437584957,0.006395039941986425,0.006660113816063129,-0.0002764594402135589,-0.0002650738740767036
2026-01-06,0.00571378132628303,0.00602168158609594,0.005947183373089304,-0.00023340204680627388,7.449821300663587e-05
2026-01-07,-0.0031498546501319124,-0.0032833307422537477,-0.0032233567922274053,7.350214209549295e-05,-5.9973950026342374e-05
2026-01-08,-4.7281990436107474e-05,-0.00021886282980398635,-0.00010153268198576093,5.4250691549653457e-05,-0.00011733014781822542
2026-01-09,0.006397708324246083,0.006468434083648158,0.006613342394092614,-0.0002156340698465306,-0.00014490831044445575
2026-01-12,0.0016429471544978135,0.0016609131007128788,0.0015704538117717881,7.249334272602537e-05,9.045928894109065e-05
2026-01-13,-0.001833266124061746,-0.001871151030994598,-0.0019994751058702853,0.00016620898180853935,0.00012832407487568722
2026-01-14,-0.0054748227146896545,-0.00549371912063595,-0.0049152373416185835,-0.000559585373071071,-0.0005784817790173667
2026-01-15,0.002515077834638193,0.002513232778239735,0.0027232143965294497,-0.00020813656189125687,-0.0002099816182897147
2026-01-16,-0.0005850030994418296,-0.0006272659428964325,-0.0008378739908954103,0.00025287089145358064,0.00021060804799897777
2026-01-20,-0.02083666590990287,-0.02091319945317921,-0.020356785723545046,-0.0004798801863578235,-0.0005564137296341642
2026-01-21,0.011413867207164159,0.011581871124166048,0.011541079202094462,-0.0001272119949303034,4.079192207158584e-05
2026-01-22,0.00549114571454988,0.005619220381404808,0.005223230019727687,0.00026791569482219335,0.0003959903616771211
2026-01-23,0.0006025507637017136,0.0004581748706776436,0.0003627802397405677,0.0002397705239611459,9.539463093707586e-05
2026-01-26,0.004977058690794059,0.005053815209259041,0.005078147060609828,-0.0001010883698157692,-2.4331851350786575e-05
2026-01-27,0.004163243058722255,0.004181233573492693,0.003984264729684606,0.00017897832903764933,0.00019696884380808726
2026-01-28,-0.0004377400618508852,-0.0003244216120441802,-0.00010066990364987483,-0.00033707015820101037,-0.00022375170839430535
2026-01-29,-0.0018154578071641733,-0.0021603823593012664,-0.0019843824489698125,0.00016892464180563922,-0.00017599991033145392
2026-01-30,-0.004168302124068775,-0.004495365417440111,-0.0029825802604032114,-0.0011857218636655634,-0.0015127851570369
2026-02-02,0.004929135705613016,0.005041637470817526,0.004971362130935519,-4.2226425322503154e-05,7.027533988200694e-05
2026-02-03,-0.008484073277973531,-0.008905391091840065,-0.00845539643070059,-2.8676847272941092e-05,-0.0004499946611394752
2026-02-04,-0.005251354516451099,-0.005112926373167827,-0.004843921678897134,-0.00040743283755396466,-0.0002690046942706928
2026-02-05,-0.012073795868506518,-0.01218839458083821,-0.012489211256201727,0.0004154153876952081,0.00030081667536351574
2026-02-06,0.019638116219047833,0.019942502679797997,0.019184711840951385,0.0004534043780964475,0.0007577908388466115
2026-02-09,0.005044402612552495,0.005191806484400524,0.004821832103010459,0.00022257050954203536,0.00036997438139006484
2026-02-10,-0.0033834208643165205,-0.0033002860405231317,-0.002637160432080843,-0.0007462604322356777,-0.0006631256084422888
2026-02-11,-0.0003520621280870392,-0.0004653711737597827,-0.00023105881441631837,-0.0001210033136707208,-0.00023431235934346436
2026-02-12,-0.01598099462481438,-0.016236461429746923,-0.0154488742279012,-0.0005321203969131799,-0.0007875872018457235
2026-02-13,0.0004972629107705535,0.0008372389233475469,0.0007044854938154099,-0.0002072225830448564,0.00013275342953213696
2026-02-17,0.001352769967257508,0.0011225331662415069,0.0016134664707250224,-0.00026069650346751435,-0.0004909333044835155
2026-02-18,0.005707598720052996,0.005812145370952417,0.005037758541617032,0.0006698401784359636,0.0007743868293353844
2026-02-19,-0.0026284568430543272,-0.002754707237349431,-0.0026374339404172664,8.977097362939182e-06,-0.00011727329693216439
2026-02-20,0.006957129170935809,0.006843421911709486,0.007231864589122949,-0.0002747354181871402,-0.0003884426774134631
2026-02-23,-0.010275763071593263,-0.010604530590490737,-0.010211314710874664,-6.444836071859902e-05,-0.00039321587961607327
2026-02-24,0.007774829495721118,0.007959745175132347,0.00726845293039502,0.0005063765653260987,0.0006912922447373272
2026-02-25,0.008379582655334792,0.00853000215097158,0.008438348943581309,-5.876628824651696e-05,9.165320739027219e-05
2026-02-26,-0.005695889330871206,-0.0055152607484931174,-0.005554476391621099,-0.000141412939250107,3.9215643127981856e-05
2026-02-27,-0.004392725643626145,-0.004389840710026527,-0.004801943258527341,0.0004092176149011967,0.00041210254850081434
2026-03-02,0.0007971787576512014,0.0008696390065102609,0.0005685787823312971,0.00022859997531990428,0.0003010602241789638
2026-03-03,-0.008840673041070444,-0.008807263639431582,-0.00881433848279567,-2.6334558274774753e-05,7.07484336408791e-06
2026-03-04,0.00791782642212608,0.008041773603634856,0.007055308353084655,0.000862518069041425,0.000986465250550201
2026-03-05,-0.005245980620385438,-0.005084412667068303,-0.005575546846393831,0.00032956622600839244,0.0004911341793255274
2026-03-06,-0.012930175476340995,-0.013000016691914024,-0.013107135070836495,0.00017695959449550054,0.00010711837892247132
2026-03-09,0.008329334492887962,0.008381281212502754,0.008760025013039074,-0.00043069052015111235,-0.00037874380053632035
2026-03-10,-0.0020509665401551983,-0.0021744373141503585,-0.0016071269053671289,-0.00044383963478806946,-0.0005673104087832296
2026-03-11,-0.0008531113271255684,-0.0008413287370671957,-0.0012551629285171284,0.00040205160139156,0.0004138341914499327
2026-03-12,-0.015077526510285775,-0.015145646651421247,-0.015184948869363502,0.000107422359077727,3.930221794225426e-05
2026-03-13,-0.006378128980409419,-0.006241671601052396,-0.005660109501006372,-0.0007180194794030471,-0.0005815621000460243
2026-03-16,0.009999358264101426,0.010027621325182931,0.010176866111483163,-0.00017750784738173632,-0.0001492447863002313
2026-03-17,0.0023965643364801895,0.0024686017217816648,0.00263055486997521,-0.00023399053349502062,-0.00016195314819354538
2026-03-18,-0.01379825259845692,-0.013743959238563596,-0.013953645387120184,0.0001553927886632639,0.00020968614855658776
2026-03-19,-0.003019049432219061,-0.0028244888176862386,-0.0024643404851918405,-0.0005547089470272206,-0.00036014833249439814
2026-03-20,-0.014965544113901112,-0.015050702549129418,-0.01433577587250423,-0.000629768241396881,-0.0007149266766251876
2026-03-23,0.011483857185246707,0.011494169804159342,0.01050001924493782,0.0009838379403088876,0.0009941505592215225
2026-03-24,-0.004406097538036319,-0.004460234743079972,-0.0033568497522664664,-0.0010492477857698525,-0.0011033849908135057
2026-03-25,0.005485913601814421,0.005529274028078354,0.0055727589473859585,-8.684534557153786e-05,-4.348491930760475e-05
2026-03-26,-0.016710873791170904,-0.016795250148770372,-0.017858744158138706,0.0011478703669678021,0.0010634940093683341
2026-03-27,-0.01701178356539097,-0.017148762920608476,-0.017051883523327982,4.009995793701274e-05,-9.687939728049433e-05
2026-03-30,-0.003425811195148498,-0.0036123230453758083,-0.0033434623831846144,-8.23488119638836e-05,-0.0002688606621911939
2026-03-31,0.029007671163204195,0.029152904041354566,0.02906792569891481,-6.025453571061393e-05,8.497834243975655e-05
2026-04-01,0.006666563903986002,0.006712678555763305,0.007534463782890022,-0.00086789987890402,-0.000821785227126717
2026-04-02,0.0009405961328727658,0.0010772814634673108,0.0009004744280911581,4.01217047816077e-05,0.0001768070353761527
2026-04-06,0.0046186864344883475,0.004614006750904718,0.004726797348638012,-0.00010811091414966462,-0.00011279059773329405
2026-04-07,0.0007154114984986624,0.0007397943502944381,0.0004400741058487867,0.0002753373926498757,0.0002997202444456514
2026-04-08,0.024351512515686333,0.024345137406417663,0.025469554638327674,-0.0011180421226413412,-0.0011244172319100111
2026-04-09,0.006088680046062466,0.005725578034228037,0.00576909117108837,0.00031958887497409664,-4.351313686033233e-05
2026-04-10,-0.0011531199751248701,-0.0013549637394898134,-0.0006617805145495703,-0.0004913394605752998,-0.0006931832249402431
2026-04-13,0.00984701518828524,0.010288846452235115,0.009772397784351794,7.46174039334465e-05,0.0005164486678833208
2026-04-14,0.01222205376977221,0.012054709041287649,0.01218488075237012,3.7173017402089906e-05,-0.0001301717110824708
2026-04-15,0.008755951607482097,0.008885226236233551,0.007890994867038925,0.0008649567404431721,0.0009942313691946262
2026-04-16,0.0025403741797957744,0.00284819981080066,0.002457311622604319,8.306255719145537e-05,0.00039088818819634115
2026-04-17,0.011816527673068521,0.011828906524058642,0.012085685130224011,-0.0002691574571554896,-0.0002567786061653688
2026-04-20,-0.0024685283164721517,-0.0022020027878280786,-0.001999667552905704,-0.0004688607635664477,-0.00020233523492237462
2026-04-21,-0.00637669460500227,-0.006132508100795897,-0.006546949154936255,0.00017025454993398453,0.00041444105414035776
2026-04-22,0.010767864992588125,0.010773531204274541,0.010126696838070659,0.0006411681545174658,0.0006468343662038821
2026-04-23,-0.004363397386707787,-0.004624417038946728,-0.0038807239498251933,-0.0004826734368825938,-0.0007436930891215349
2026-04-24,0.007986844423559493,0.00823811644392404,0.007749297960024215,0.0002375464635352778,0.000488818483899825
