quarter,nport_port_return,nport_spy_return,nport_active_return,nport_tracking_error,frec_port_return,frec_spy_return,frec_active_return,frec_tracking_error
2024-06-30,0.08565081202402491,0.08438246210507971,0.0012683499189451997,0.0062022012764144825,0.09611574796053657,0.08438246210507971,0.011733285855456854,0.018081734539042035
2024-09-30,0.060393548933969754,0.05751334804731334,0.0028802008866564144,0.007855295603732392,0.055369858581020504,0.05751334804731334,-0.002143489466292836,0.015301544289141643
2024-12-31,0.02425201708076674,0.024910267875849934,-0.0006582507950831928,0.007171334915411004,0.03340450357639457,0.024910267875849934,0.008494235700544639,0.015746694860658127
2025-03-31,-0.0427901793267933,-0.04266863094930584,-0.00012154837748745706,0.007018425490248515,-0.05214090229482393,-0.04266863094930584,-0.00947227134551809,0.01887870913955778
2025-06-30,0.10928762806711645,0.10777191871295178,0.0015157093541646738,0.02937862706606279,0.12276951577888773,0.10777191871295178,0.014997597065935953,0.02649037977764019
2025-09-30,0.08101753519073096,0.0812121247140658,-0.0001945895233348427,0.005935853155311425,0.09252328461639148,0.0812121247140658,0.011311159902325674,0.012646016508204731
2025-12-31,0.026667220850417728,0.026651962144301766,1.5258706115961473e-05,0.00527944009857614,0.03405767164297968,0.026651962144301766,0.007405709498677915,0.0156422132144156
2026-03-31,-0.04346868691388228,-0.04370584558740309,0.00023715867352080977,0.006402004912181514,-0.04574299967616935,-0.04370584558740309,-0.0020371540887662576,0.010785509289192674
2026-06-30,0.0965373840774344,0.09779495795984894,-0.0012575738824145422,0.006162681118423319,0.10416722179340954,0.09779495795984894,0.0063722638335605986,0.009559133101936262
