Date,spy_close,port_close,spy_ret,port_ret,active_ret
2024-04-26,100000.0,100000.0,,,
2024-04-29,100354.14912506758,100399.50118142867,0.00354149125067571,0.003995011814286638,0.0004535205636109277
2024-04-30,98764.40512529391,98677.13189987441,-0.015841338037677177,-0.017155157757625033,-0.0013138197199478556
2024-05-01,98443.70830378553,98459.27841614597,-0.003247089081350074,-0.0022077403298415114,0.0010393487515085627
2024-05-02,99364.48618823948,99507.13710032462,0.009353344163067545,0.010642559046083995,0.0012892148830164502
2024-05-03,100596.15092468956,100490.68635627179,0.012395421983230293,0.009884208154391541,-0.002511213828838751
2024-05-06,101634.99286855193,101361.78311314808,0.010326855792326395,0.008668432751946481,-0.0016584230403799138
2024-05-07,101747.13404354641,101496.02902172075,0.0011033717013146926,0.0013244233127076802,0.00022105161139298756
2024-05-08,101756.97476531415,101469.04233645619,9.671743445394121e-05,-0.00026588907491921927,-0.0003626065093731605
2024-05-09,102343.284968236,102056.83390269511,0.005761867471729243,0.0057928167321210705,3.0949260391827625e-05
2024-05-10,102475.12603811926,102079.29657410581,0.0012882239408691376,0.00022009963029155747,-0.00106812431057758
2024-05-13,102488.85384498525,102216.36720287548,0.0001339623320968375,0.0013427857887926824,0.001208823456695845
2024-05-14,102959.11733646104,102795.29189580884,0.004588435462328899,0.005663718138058231,0.0010752826757293322
2024-05-15,104234.06894778697,104082.58718048607,0.0123830860666716,0.012522901204288674,0.00013981513761707372
2024-05-16,104019.59041685911,104028.14171082737,-0.002057662461927734,-0.0005230987347026792,0.0015345637272250548
2024-05-17,104169.1201841199,104247.12030573789,0.0014375154397507917,0.0021049938152237174,0.0006674783754729257
2024-05-20,104289.12778607746,104255.01275988143,0.0011520458437725978,7.570908549212675e-05,-0.001076336758280471
2024-05-21,104544.90044572318,104566.75759048971,0.002452534267717521,0.0029902143058222206,0.0005376800381046995
2024-05-22,104243.88506775029,104139.44335751457,-0.002879292788931176,-0.004086520829579701,-0.0012072280406485248
2024-05-23,103482.47152187375,103504.5491635378,-0.007304155494412545,-0.0060965775647288285,0.0012075779296837168
2024-05-24,104167.16434066855,104188.08528982854,0.0066165101077051425,0.00660392351654768,-1.2586591157462586e-05
2024-05-28,104239.94877904319,104241.09553624423,0.0006987272701077796,0.0005087937480397105,-0.0001899335220680691
2024-05-29,103510.01324192122,103423.38988555009,-0.007002454871396835,-0.007844369310276779,-0.0008419144388799437
2024-05-30,102823.35842922398,102908.97357172424,-0.00663370423006715,-0.004973887574127045,0.001659816655940105
2024-05-31,103759.8814685063,103830.83315659054,0.009108076740431903,0.008958009713543649,-0.00015006702688825403
2024-06-03,103844.48707390444,103862.55118843428,0.000815398053666927,0.00030547796718449657,-0.0005099200864824305
2024-06-04,103960.58298895932,103936.10671207741,0.0011179786074948517,0.0007082006247823372,-0.0004097779827125145
2024-06-05,105196.15941231209,105249.61920253589,0.011885047080622657,0.01263769186676544,0.000752644786142783
2024-06-06,105194.17896705632,105303.77095309195,-1.8826212542566445e-05,0.0005145078050293421,0.0005333340175719086
2024-06-07,105066.28648678235,105238.45208524569,-0.001215775259903129,-0.000620289921766949,0.0005954853381361801
2024-06-10,105390.93189790004,105628.7993211798,0.003089910398218265,0.003709169302660454,0.0006192589044421888
2024-06-11,105644.76101499662,106186.12335694273,0.0024084531043191415,0.005276250789032593,0.002867797684713452
2024-06-12,106512.40515235589,107007.12534214192,0.008212845852678674,0.007731725758924349,-0.0004811200937543253
2024-06-13,106726.85908147931,107156.20852253203,0.002013417393182282,0.001393207974828233,-0.0006202094183540489
2024-06-14,106791.79554424419,107112.48083933734,0.0006084359956222141,-0.00040807419185140875,-0.0010165101874736228
2024-06-17,107641.75098422593,108057.38518226902,0.007958995685484194,0.008821608233955336,0.0008626125484711422
2024-06-18,107915.2492439558,108498.00628565476,0.0025408194982812216,0.004077658390886649,0.0015368388926054275
2024-06-20,107622.08184159265,108192.76071782527,-0.00271664481541789,-0.0028133749022617037,-9.673008684381356e-05
2024-06-21,107477.7922586732,107933.97527021509,-0.0013407061120768171,-0.002391892450966335,-0.001051186338889518
2024-06-24,107128.40973321187,107471.87474608,-0.003250741554315262,-0.004281325902971864,-0.001030584348656602
2024-06-25,107540.95739151987,107983.34080994381,0.0038509640844608395,0.004759068966389837,0.0009081048819289976
2024-06-26,107675.18483643181,108229.33134751384,0.0012481518499345423,0.002278041554604189,0.0010298897046696468
2024-06-27,107844.91268512089,108482.93360364817,0.0015762949369151347,0.002343193411405553,0.0007668984744904185
2024-06-28,107420.55616069159,107966.93174306255,-0.003934877537230652,-0.004756525689753803,-0.0008216481525231507
2024-07-01,107641.61567430162,108227.78513323356,0.0020578883736119824,0.0024160489323877786,0.0003581605587757962
2024-07-02,108366.04040723365,108978.49202357339,0.006729968965943245,0.006936360098431923,0.00020639113248867823
2024-07-03,108849.60117399809,109501.88782116002,0.0044622906304156995,0.00480274398982707,0.00034045335941137057
2024-07-05,109477.29161195327,110264.56126261901,0.005766584637749705,0.006964934181816082,0.0011983495440663766
2024-07-08,109603.62187764661,110430.05104963844,0.0011539403636429135,0.0015008429283573832,0.0003469025647144697
2024-07-09,109710.20919529341,110641.83454717093,0.0009724798854346961,0.0019178067520523934,0.0009453268666176973
2024-07-10,110795.83762071028,111752.3763574452,0.009895418424408886,0.010037268586691822,0.000141850162282936
2024-07-11,109840.48805059605,110837.16999852312,-0.00862261246117102,-0.00818959192415515,0.00043302053701587025
2024-07-12,110533.31176575145,111634.11994579504,0.00630754403454814,0.007190276937624188,0.0008827329030760478
2024-07-15,110837.26705935247,111733.22752202736,0.002749897643935295,0.0008877892913066933,-0.0018621083526286018
2024-07-16,111494.55346802411,112354.80845707814,0.00593019321127497,0.005563080462597693,-0.0003671127486772766
2024-07-17,109931.29331070786,110715.98605791223,-0.014020955362313514,-0.0145861349564934,-0.0005651795941798866
2024-07-18,109086.46734694755,109778.03542443764,-0.0076850361559243074,-0.008471682065713445,-0.0007866459097891371
2024-07-19,108362.09181762436,109015.1913983422,-0.006640379388392237,-0.00694896773426526,-0.0003085883458730232
2024-07-22,109479.29665901343,110359.10397065258,0.010309923171927693,0.012327755013516677,0.0020178318415889837
2024-07-23,109307.5637632642,110066.2590209959,-0.001568633531544572,-0.0026535640388539597,-0.0010849305073093876
2024-07-24,106830.3588726715,107717.76816023391,-0.022662703341900237,-0.021337064434196796,0.0013256389077034407
2024-07-25,106273.73074678161,106923.97903066421,-0.005210392736331837,-0.007369156854316802,-0.002158764117984965
2024-07-26,107463.97834549173,108080.11814357476,0.01119982887912463,0.010812720620684889,-0.0003871082584397407
2024-07-29,107527.1311774362,108172.48367543168,0.0005876651219949292,0.0008546024323754947,0.0002669373103805655
2024-07-30,106982.36112127644,107713.5243825212,-0.00506634976860687,-0.004242846954384265,0.0008235028142226054
2024-07-31,108721.31506485344,109570.76205457472,0.01625458557234216,0.01724238142517705,0.0009877958528348892
2024-08-01,107181.70954248638,108139.18713256551,-0.014161027407078808,-0.013065300406473137,0.0010957270006056712
2024-08-02,105186.15877881563,106081.98105848415,-0.01861838901608237,-0.019023687237074174,-0.0004052982209918031
2024-08-05,102122.75439342098,102933.64998838038,-0.0291236453632302,-0.02967828314186619,-0.0005546377786359892
2024-08-06,103064.28389990263,104004.18612499358,0.009219585900067662,0.010400254306867076,0.0011806684067994146
2024-08-07,102375.40262390544,103288.38809591082,-0.0066839961423128536,-0.006882396331840908,-0.00019840018952805433
2024-08-08,104742.05930633981,105508.4513174986,0.023117434674506,0.021493831615672945,-0.0016236030588330543
2024-08-09,105203.90898070417,105822.12292133167,0.004409400363359239,0.0029729524025440706,-0.0014364479608151687
2024-08-12,105259.20153613666,105755.47300668716,0.0005255751042732015,-0.0006298296878249124,-0.001155404792098114
2024-08-13,106990.25830049504,107569.40215114663,0.016445657378125755,0.017152106580287877,0.0007064492021621217
2024-08-14,107327.77045532402,107934.58171797717,0.00315460641174492,0.0033948275209100165,0.00024022110916509633
2024-08-15,109167.40728348719,109888.29452627125,0.017140361905951584,0.01810089757329983,0.0009605356673482446
2024-08-16,109412.15833475304,110078.78282655924,0.0022419791525347676,0.0017334721692532577,-0.00050850698328151
2024-08-19,110458.28856317466,111160.06145699877,0.00956137091474707,0.009822770589162519,0.00026139967441544953
2024-08-20,110278.68309001123,111076.6071032608,-0.0016260026793798454,-0.0007507584346762318,0.0008752442447036137
2024-08-21,110657.64928528681,111419.04495715695,0.0034364410660061573,0.0030828980361076275,-0.00035354302989852983
2024-08-22,109789.16868657731,110617.3865765314,-0.007848355755962988,-0.007194985210417146,0.0006533705455458423
2024-08-23,110955.71244672939,111702.3628594181,0.010625308253151111,0.009808370243280498,-0.0008169380098706127
2024-08-26,110691.2061465148,111388.70024448553,-0.002383890782924558,-0.0028080213068306112,-0.0004241305239060531
2024-08-27,110843.20839511971,111491.68164144871,0.0013732097959411327,0.0009245228352351176,-0.0004486869607060151
2024-08-28,110199.72359872735,110675.11419997878,-0.005805360614414723,-0.007324021213492657,-0.0015186605990779338
2024-08-29,110209.58892229949,110761.72644024628,8.952221702562824e-05,0.0007825809884505015,0.0006930587714248733
2024-08-30,111261.63588468394,111756.58502337094,0.009545875024778328,0.008981970714056913,-0.0005639043107214144
2024-09-03,108972.00745188656,109464.53286429666,-0.02057877735296343,-0.02050932532159022,6.945203137320721e-05
2024-09-04,108748.95519211856,109315.44211642545,-0.002046876670290576,-0.001362000494315759,0.000684876175974817
2024-09-05,108484.46119280616,109119.52202723172,-0.00243215209603731,-0.0017922453168607616,0.0006399067791765484
2024-09-06,106658.62597692227,107384.21191567145,-0.01683038470033882,-0.015902838276062252,0.0009275464242765666
2024-09-09,107852.80986433949,108578.31463586581,0.011196317939400569,0.011119909518282841,-7.640842111772753e-05
2024-09-10,108322.58131972687,108996.59762184865,0.004355671919705095,0.00385236211655726,-0.0005033098031478351
2024-09-11,109433.88172805532,110109.17311456102,0.010259175831937695,0.010207433231744825,-5.174260019286982e-05
2024-09-12,110355.67443694157,110798.30815279958,0.008423284400866926,0.006258652378776511,-0.002164632022090415
2024-09-13,110932.00860817137,111172.09806431789,0.0052225150557083655,0.0033736066709865674,-0.001848908384721798
2024-09-16,111095.84432470199,111148.91973721897,0.0014769021005409666,-0.00020849050708313918,-0.0016853926076241057
2024-09-17,111141.2592556601,111054.5699115412,0.0004087905468845854,-0.0008488595831684538,-0.0012576501300530392
2024-09-18,110811.6319791475,110789.43971728043,-0.002965840757250593,-0.0023873866196767704,0.0005784541375738225
2024-09-19,112702.563569525,112554.02061033524,0.017064378139772574,0.015927338359664835,-0.0011370397801077382
2024-09-20,112507.72957942598,112309.4707907057,-0.0017287449719705084,-0.002172732864658542,-0.0004439878926880336
2024-09-23,112788.87900033026,112787.85753759884,0.002498934268385433,0.004259540567016339,0.001760606298630906
2024-09-24,113111.59316980101,113063.73852237876,0.002861223307927485,0.0024460167149459545,-0.0004152065929815306
2024-09-25,112862.14317389108,112929.98448846597,-0.0022053441996479073,-0.0011829967384840532,0.0010223474611638541
2024-09-26,113309.5884917679,113245.11643785577,0.003964529693428309,0.0027905073290962813,-0.001174022364332028
2024-09-27,113145.2484382467,113056.2984773097,-0.0014503631661602068,-0.0016673386587022355,-0.00021697549254202876
2024-09-30,113598.65969369523,113374.18513371375,0.004007338016461137,0.0028117553881161312,-0.001195582628345006
2024-10-01,112580.9937529868,112314.02395929449,-0.008958432638663472,-0.009350992672352322,-0.00039256003368885045
2024-10-02,112628.51213822275,112491.42726987554,0.00042208177110447664,0.001579529468602735,0.0011574476974982584
2024-10-03,112422.60733613504,112036.35871121223,-0.0018281765263400418,-0.004045362119653399,-0.0022171855933133576
2024-10-04,113444.22186645278,113124.37329539847,0.009087269496100392,0.009711263349701738,0.0006239938536013456
2024-10-07,112418.65874652575,112143.04715249539,-0.009040241125143678,-0.008674754293140467,0.00036548683200321105
2024-10-08,113481.85032631217,113122.00771029835,0.009457429857650634,0.00872956980089673,-0.000727860056753904
2024-10-09,114267.87797751026,113696.5474935858,0.006926461358692126,0.00507893905807272,-0.0018475223006194069
2024-10-10,114067.88990938538,113514.36720196977,-0.0017501687408968403,-0.0016023379392967022,0.0001478308016001381
2024-10-11,114750.95900908852,114121.14542252719,0.00598826804147734,0.005345386980643586,-0.0006428810608337544
2024-10-14,115689.43174137105,115095.41824409639,0.008178343260802023,0.008537180537068935,0.00035883727626691113
2024-10-15,114790.56791420365,114210.57887878649,-0.007769627818527525,-0.007687876535913214,8.175128261431099e-05
2024-10-16,115289.5048087302,114953.4896556053,0.004346497308902908,0.006504745743450527,0.002158248434547619
2024-10-17,115299.38243320455,114933.2719464699,8.56767013679427e-05,-0.00017587729781815638,-0.0002615539991860991
2024-10-18,115742.89146237429,115226.86151528316,0.0038465863373264852,0.0025544349677089065,-0.0012921513696175788
2024-10-21,115552.81792143044,115070.895971041,-0.0016422048779181075,-0.0013535519599436293,0.00028865291797447825
2024-10-22,115491.43641940416,115049.14457043642,-0.0005311986598890428,-0.0001890260818865067,0.0003421725780025361
2024-10-23,114436.15431973858,114209.52646641593,-0.009137319028861723,-0.007297908273507011,0.0018394107553547125
2024-10-24,114683.64847219718,114587.94195594611,0.002162726927777525,0.0033133443525961985,0.0011506174248186733
2024-10-25,114644.05186798425,114608.20092421997,-0.0003452680895702498,0.00017679843034145776,0.0005220665199117075
2024-10-28,114998.46546244934,115188.99808535073,0.003091425928256619,0.005067675405835864,0.0019762494775792446
2024-10-29,115184.55351107726,115201.53280232125,0.0016181785372491042,0.00010881869951895041,-0.0015093598377301537
2024-10-30,114836.10585418387,114762.27868238297,-0.00302512486502704,-0.003812919058047704,-0.0007877941930206638
2024-10-31,112584.96694440053,112378.91564888648,-0.019603058576731835,-0.02076782598655696,-0.0011647674098251258
2024-11-01,113060.12619495575,112801.59009859472,0.004220450238173301,0.0037611543701741657,-0.00045929586799913543
2024-11-04,112816.59293300865,112360.4949827307,-0.0021540154795790523,-0.003910362570939631,-0.001756347091360579
2024-11-05,114180.76298806135,113818.90466909618,0.012091927433606653,0.012979737109467534,0.000887809675860881
2024-11-06,117019.93422707586,116621.8712521579,0.02486558299940067,0.024626546804423555,-0.0002390361949771158
2024-11-07,117924.72708910833,117304.33145734608,0.007731954969968813,0.005851905803437027,-0.0018800491665317857
2024-11-08,118435.55895607163,117662.12171840585,0.004331846929586547,0.0030501027252336967,-0.0012817442043528502
2024-11-11,118548.40743294315,117828.95579699123,0.0009528259744473466,0.0014179081266667713,0.0004650821522194247
2024-11-12,118180.1553234922,117598.98156181446,-0.003106343791748234,-0.0019517633303394925,0.0011545804614087414
2024-11-13,118237.57593500694,117970.97151351278,0.00048587354922302595,0.003163207255351714,0.002677333706128688
2024-11-14,117477.28177123149,117670.43985615969,-0.006430224552246955,-0.002547505148914265,0.00388271940333269
2024-11-15,115972.56160753108,116233.57595594974,-0.012808605553460195,-0.01221091636919501,0.0005976891842651849
2024-11-18,116447.73315898853,116564.81340969066,0.00409727563891793,0.002849757060442187,-0.001247518578475743
2024-11-19,116873.40587995425,116670.46384713652,0.0036554831031749835,0.0009063664613311346,-0.002749116641843849
2024-11-20,116913.01478506939,116757.24198936624,0.0003389043454062879,0.0007437884394068161,0.00040488409400052817
2024-11-21,117540.63141761131,117265.4650882663,0.005368235809295685,0.004352818636691818,-0.0010154171726038672
2024-11-22,117904.94723835519,117571.13106648691,0.003099488375636561,0.0026066154940889105,-0.0004928728815476505
2024-11-25,118304.86187009385,117881.56490473724,0.0033918392833016675,0.0026403916967913253,-0.0007514475865103422
2024-11-26,118922.61317906361,118481.54429618,0.005221689955972275,0.00508967956039284,-0.00013201039557943477
2024-11-27,118562.25824883125,118294.80378230076,-0.003030163234722827,-0.0015761147863875057,0.0014540484483353212
2024-11-29,119298.7747686354,119060.34924844625,0.006212065548366841,0.006471505439531608,0.0002594398911647672
2024-12-02,119512.62595355054,119255.26359678936,0.0017925681578028207,0.0016371054643589376,-0.00015546269344388314
2024-12-03,119568.04151800514,119154.55863780522,0.00046367958207294,-0.0008444487559444702,-0.0013081283380174103
2024-12-04,120310.51167447875,119638.51674009975,0.006209603728951407,0.004061599554622191,-0.0021480041743292162
2024-12-05,120112.51635251186,119371.50440044845,-0.00164570260080521,-0.002231825894593404,-0.0005861232937881939
2024-12-06,120340.23065421733,119595.70631263417,0.0018958415710579324,0.0018781861995607338,-1.7655371497198556e-05
2024-12-09,119720.49889999181,119264.04235919523,-0.005149830201059191,-0.0027732095379071333,0.002376620663152058
2024-12-10,119348.28590002932,118919.99354372,-0.003109016445658197,-0.0028847656734544364,0.00022425077220376063
2024-12-11,120270.92737116803,119999.2292292003,0.0077306637810579115,0.009075308981441509,0.001344645200383597
2024-12-12,119651.22021874692,119308.53933055465,-0.005152593115945736,-0.005755786125312647,-0.000603193009366911
2024-12-13,119627.45487567785,119105.36142555198,-0.00019862181953211877,-0.001702961968545719,-0.0015043401490136001
2024-12-16,120138.26214083671,119469.17613170101,0.004269983555946322,0.0030545619592147505,-0.0012154215967315712
2024-12-17,119643.2861368217,118869.41860903104,-0.004120052972255928,-0.005020186311562064,-0.0009001333393061361
2024-12-18,116077.4883033796,115665.51946030623,-0.029803576519657926,-0.026953098502674154,0.002850478016983772
2024-12-19,116041.85258967818,115511.27757554254,-0.0003069993520904424,-0.0013335165525852285,-0.0010265172004947861
2024-12-20,117435.64321725175,117032.1175302863,0.01201110286046525,0.013166159934030239,0.0011550570735649884
2024-12-23,118138.86119477432,117600.24149464593,0.005988113644693316,0.00485442779596476,-0.001133685848728556
2024-12-24,119451.99480655909,119057.6104628135,0.011115170727943768,0.012392567818272247,0.0012773970903284786
2024-12-26,119459.94118938652,119132.08047223378,6.652365111459169e-05,0.0006254955826072583,0.0005589719314926666
2024-12-27,118202.44455829612,117859.8271484421,-0.010526513060112985,-0.010679351176849483,-0.00015283811673649783
2024-12-30,116853.56452469004,116514.79291413994,-0.011411608606290868,-0.011412151764045229,-5.431577543603405e-07
2024-12-31,116428.44534432377,115996.81395673653,-0.0036380505985887934,-0.004445606814793971,-0.000807556216205178
2025-01-02,116142.37556253561,115785.96188698965,-0.002457043731384778,-0.00181774018229088,0.0006393035490938981
2025-01-03,117594.5462719963,117170.57824783979,0.01250336668616514,0.011958413077757675,-0.0005449536084074658
2025-01-06,118271.95695668297,117663.02039754066,0.005760562085250331,0.004202779887790973,-0.0015577821974593585
2025-01-07,116935.0087982203,116141.56948468529,-0.011304016546816231,-0.012930578424002238,-0.0016265618771860064
2025-01-08,117105.86832991266,116343.77344042475,0.001461149517568261,0.001741012771194893,0.00027986325362663205
2025-01-10,115317.95679554115,114815.12676223989,-0.015267480271223932,-0.013139050187053018,0.002128430084170914
2025-01-13,115496.73810825654,115023.36025462441,0.0015503336833513348,0.0018136416189803467,0.00026330793562901193
2025-01-14,115655.6657648055,115169.80116383846,0.0013760358876975243,0.0012731405941358513,-0.000102895293561673
2025-01-15,117759.43986611697,117314.10979471942,0.018189978739041157,0.018618670946826676,0.0004286922077855193
2025-01-16,117532.9679555347,117296.08266153521,-0.0019231741492636845,-0.00015366551573171486,0.0017695086335319697
2025-01-17,118712.99350450857,118513.7707123927,0.010039953635990084,0.010381318994012654,0.00034136535802256965
2025-01-21,119799.64290480885,119540.87431930138,0.009153584356871525,0.008666533861294812,-0.00048705049557671264
2025-01-22,120473.09269898398,120393.02064418806,0.005621467458882812,0.007128493326981561,0.0015070258680987495
2025-01-23,121130.62512569984,121124.34381293433,0.005457919374235454,0.006074464822239416,0.0006165454480039625
2025-01-24,120777.02339078058,121021.6664113005,-0.002919177000467954,-0.0008477024386807357,0.0020714745617872185
2025-01-27,119068.5879855858,119345.3333798443,-0.014145367696859479,-0.01385151172649575,0.00029385597036372946
2025-01-28,120091.65402236425,120185.04154684031,0.008592241279474333,0.00703595308853386,-0.001556288190940473
2025-01-29,119553.29273625572,119436.52187334285,-0.004482920070434493,-0.006228060196707082,-0.0017451401262725888
2025-01-30,120194.95699912109,120343.0482813689,0.005367181849862845,0.007590026851144987,0.0022228450012821413
2025-01-31,119555.29778331591,119981.60959474204,-0.005321847370101107,-0.00300340311957022,0.002318444250530887
2025-02-03,118750.74497339007,119152.24194132151,-0.0067295454475303496,-0.006912456469136117,-0.00018291102160576753
2025-02-04,119547.35140048845,119897.85265931797,0.006708222565482869,0.0062576306232128105,-0.00045059194227005817
2025-02-05,120032.0561511584,120620.63370487012,0.004054500120593607,0.0060283068422075274,0.0019738067216139204
2025-02-06,120449.24124959944,120870.75932189786,0.003475614030269414,0.0020736553054408087,-0.0014019587248286051
2025-02-07,119346.71138454649,119628.64431024897,-0.009153481197679336,-0.010276389580220533,-0.0011229083825411972
2025-02-10,120157.21783114181,120548.55835669975,0.006791192125803924,0.00768974731557644,0.0008985551897725159
2025-02-11,120248.60123365746,120584.11217572312,0.000760531944440368,0.00029493358948474475,-0.0004655983549556232
2025-02-12,119861.22122127045,120201.23428300554,-0.0032214928773622864,-0.003175193529306878,4.629934805540836e-05
2025-02-13,121126.65193428611,121450.80828490425,0.010557465543251876,0.010395683616332016,-0.00016178192691986004
2025-02-14,121120.69829761662,121505.16395395623,-4.9152160770615794e-05,0.00044755296254988646,0.0004967051233205023
2025-02-18,121476.29277869382,122093.09739822056,0.002935868815777898,0.004838752733893204,0.0019028839181153062
2025-02-19,121762.36256048198,122401.63032132476,0.0023549433000009667,0.002527030026094663,0.00017208672609369613
2025-02-20,121255.79910658546,122002.49041925928,-0.004160263017604526,-0.003260903478308869,0.0008993595392956574
2025-02-21,119181.81779042582,119593.46682884166,-0.01710418249222523,-0.01974569192923079,-0.0026415094370055604
2025-02-24,118639.49561380578,119047.9560181886,-0.004550376782922472,-0.004561376345363149,-1.0999562440677617e-05
2025-02-25,118049.48283931884,118330.28938105516,-0.004973156463911055,-0.006028382688265558,-0.0010552262243545031
2025-02-26,118109.0561087203,118206.72795142185,0.0005046465936875411,-0.0010442079562182373,-0.0015488545499057784
2025-02-27,116223.81983606587,116189.77235441882,-0.01596182659286549,-0.01706295091622796,-0.0011011243233624672
2025-02-28,118037.56326507767,117958.12273224797,0.015605608485163236,0.015219501183245925,-0.0003861073019173107
2025-03-03,115969.53558558751,116039.73679072235,-0.01752008108508618,-0.016263279688505602,0.0012568013965805792
2025-03-04,114596.82870440131,114470.06319899407,-0.011836788638108442,-0.013527035092807723,-0.0016902464546992811
2025-03-05,115828.4934408514,115711.044393473,0.010747808210532117,0.01084109818583405,9.328997530193284e-05
2025-03-06,113772.40993740685,113589.55001890156,-0.017751102879487224,-0.018334415575382266,-0.000583312695895042
2025-03-07,114410.10100885849,114183.32138785782,0.00560497111560232,0.005227341501550752,-0.0003776296140515674
2025-03-10,111362.71239814084,111298.51342761276,-0.026635660521632576,-0.02526470525801174,0.001370955263620837
2025-03-11,110436.97109964529,110457.92338735294,-0.008312847977210325,-0.007552572036881055,0.0007602759403292697
2025-03-12,111023.02298362073,111244.10066854676,0.0053066638657324194,0.0071174367314226885,0.001810772865690269
2025-03-13,109543.00303155732,109744.44299427464,-0.013330748094309564,-0.013480783837161524,-0.00015003574285196025
2025-03-14,111805.71709031997,111916.75711332851,0.020655943292980483,0.019794297185208844,-0.0008616461077716395
2025-03-17,112667.88732619592,112752.7907987677,0.007711325129997171,0.007470138583381277,-0.00024118654661589405
2025-03-18,111450.13491014497,111576.03594286376,-0.010808336296617704,-0.01043659183570997,0.0003717444609077341
2025-03-19,112663.9141347822,112822.99680310301,0.010890782910364605,0.011175884227306742,0.0002851013169421369
2025-03-20,112338.12473975902,112341.93394862281,-0.002891692495552989,-0.004263872331983457,-0.0013721798364304686
2025-03-21,112375.17505721455,112398.30403267418,0.0003298107168991926,0.0005017724198797631,0.00017196170298057045
2025-03-24,114387.63956142361,114450.85837863901,0.01790844377492129,0.01826143520251116,0.0003529914275898702
2025-03-25,114662.60162851642,115110.72715172499,0.0024037742901859005,0.005765520525000646,0.0033617462348147454
2025-03-26,113293.74492972186,114026.57290944488,-0.011938126986071662,-0.009418359775028688,0.002519767211042974
2025-03-27,112992.85256077105,113601.90981057541,-0.002655860384326192,-0.0037242467964613175,-0.0010683864121351257
2025-03-28,110717.37016551477,111277.27813788241,-0.020138286127721727,-0.020462962960474774,-0.0003246768327530465
2025-03-31,111460.60297792539,111816.13983351308,0.006712883545730408,0.0048425132663919125,-0.0018703702793384956
2025-04-01,111775.40766727534,112051.06815889437,0.002824358391568138,0.0021010233918920406,-0.0007233349996760975
2025-04-02,112482.77104884257,112812.59695365345,0.006328434817011397,0.006796265374991285,0.0004678305579798878
2025-04-03,106939.52937978235,107437.87514494153,-0.049280806450378245,-0.04764292245590276,0.0016378839944754878
2025-04-04,100678.97904971839,101050.89705550722,-0.058542901454432195,-0.059448105063673456,-0.0009052036092412619
2025-04-07,100499.64419640358,100789.38060748269,-0.001781254190373338,-0.002587967604888151,-0.0008067134145148128
2025-04-08,98925.54079378952,98931.63819681013,-0.015662775875482926,-0.01843192605684725,-0.0027691501813643243
2025-04-09,109314.62448113256,109305.45790483193,0.10501922561130184,0.10485846486626023,-0.00016076074504160764
2025-04-10,104524.5793552728,104368.98444156162,-0.04381888652681143,-0.045162186389341136,-0.0013432998625297066
2025-04-11,106389.59294469452,106164.1322437747,0.01784282319934194,0.017200012166624284,-0.000642811032717655
2025-04-14,107421.7124454993,107077.34478715072,0.009701320140789838,0.008601893352070135,-0.001099426788719703
2025-04-15,107120.84467835292,106769.85421762688,-0.0028008096342629907,-0.0028716678596678335,-7.085822540484283e-05
2025-04-16,104739.7590376266,104155.57474516345,-0.02222803272207108,-0.024485183496970965,-0.0022571507748998867
2025-04-17,104889.20269857191,104108.8821412051,0.0014268092873082061,-0.0004482967337331747,-0.0018751060210413807
2025-04-21,102392.55623203682,101927.67586157015,-0.02380270230206527,-0.020951202575362735,0.0028514997267025353
2025-04-22,105056.58107493893,104412.5432424805,0.026017758916625056,0.02437873089822124,-0.001639028018403814
2025-04-23,106684.47017246479,105885.47865622646,0.015495355748962103,0.014106881874578276,-0.001388473874383827
2025-04-24,108930.07367625379,108375.51391017371,0.021049019601060648,0.02351630540417674,0.0024672858031160906
2025-04-25,109717.13460323747,109578.10686049532,0.0072253777163768795,0.011096537464342316,0.003871159747965437
2025-04-28,109758.96997165255,109456.97302658342,0.00038130205064490497,-0.0011054565312586778,-0.0014867585819035827
2025-04-29,110450.39138395604,110099.32061546335,0.006299452450055476,0.005868493994657885,-0.0004309584553975907
2025-04-30,110494.21949852911,110198.27238226455,0.00039681266878188737,0.0008987500217806398,0.0005019373529987525
2025-05-01,111277.28263229466,111235.45550637635,0.007086914929300692,0.009411972635232746,0.0023250577059320543
2025-05-02,112929.09698461833,112748.2726335985,0.014844129127253636,0.013600134240790167,-0.0012439948864634686
2025-05-05,112281.5159877901,112071.36121090656,-0.0057344033922135385,-0.0060037409609967046,-0.0002693375687831661
2025-05-06,111343.04325550757,111255.08646496931,-0.008358212160090583,-0.007283526648713626,0.0010746855113769578
2025-05-07,111811.28939902097,111792.43527299771,0.004205436907619653,0.004829880818056601,0.0006244439104369478
2025-05-08,112590.36704047056,112522.04186511735,0.006967790512363292,0.006526439739307531,-0.000441350773055761
2025-05-09,112446.90161799914,112364.8398948089,-0.0012742246627532872,-0.0013970771210932613,-0.00012285245833997416
2025-05-12,116162.96727283462,115881.10637135402,0.03304729255644179,0.031293298507227806,-0.0017539940492139819
2025-05-13,116930.11303914085,116616.26155185328,0.006604047609290342,0.00634404695915969,-0.00026000065013065225
2025-05-14,117079.55670008616,116730.65950358054,0.0012780596636838837,0.0009809776973204328,-0.0002970819663634509
2025-05-15,117651.42564381384,117342.6339097894,0.00488444746329697,0.005242619281098875,0.00035817181780190433
2025-05-16,118396.62660057802,118006.45734561849,0.006333973028259221,0.005657137680575784,-0.0006768353476834374
2025-05-19,118526.13049904144,118214.92613901691,0.0010938140906693317,0.0017665880163476634,0.0006727739256783317
2025-05-20,118127.61817015467,117981.07469821625,-0.003362231831992357,-0.0019781887824017992,0.001384043049590558
2025-05-21,116137.08617458546,116023.36997525209,-0.01685069102724135,-0.016593379302331082,0.0002573117249102669
2025-05-22,116182.9316371209,116128.96253456973,0.00039475299446145584,0.000910097330737502,0.0005153443362760461
2025-05-23,115389.86786985889,115350.53860466866,-0.006825992046224361,-0.006703098976444724,0.00012289306977963672
2025-05-27,117788.91282781135,117754.89582730264,0.020790776540780653,0.020843918474227778,5.3141933447124756e-05
2025-05-28,117107.4551462977,116968.20752424846,-0.00578541447708103,-0.0066807269245766875,-0.0008953124474956574
2025-05-29,117569.71075043498,117484.77148797152,0.003947277340796251,0.004416276650353722,0.00046899930955747026
2025-05-30,117438.21410581359,117344.57813858578,-0.0011184568183596477,-0.00119328954391407,-7.483272555442225e-05
2025-06-02,118099.74432574757,118334.62465179966,0.005633006470431523,0.00843708783924068,0.0028040813688091568
2025-06-03,118773.21872172713,119260.41329023134,0.005702589788187495,0.007823480584451174,0.0021208907962636785
2025-06-04,118741.33478319967,119295.20216862149,-0.0002684438366713504,0.00029170516377024423,0.0005601490004415947
2025-06-05,118167.47309331401,118605.3505881086,-0.004832872149647116,-0.005782726949385531,-0.0009498547997384152
2025-06-06,119380.944795396,119656.20264960932,0.010269083956155445,0.00886007297554487,-0.0014090109806105741
2025-06-09,119488.5284861218,119957.70391631032,0.000901179756201298,0.0025197295252959687,0.0016185497690946707
2025-06-10,120165.9883744173,120685.61049009697,0.005669664668890739,0.0060680268963341204,0.00039836222744338116
2025-06-11,119823.27293795363,120423.97209534326,-0.002852016956710224,-0.002167933639240183,0.000684083317470041
2025-06-12,120299.49006609888,120632.84162791175,0.003974329163849877,0.001734451446287793,-0.002239877717562084
2025-06-13,118954.5340202977,119437.59921064472,-0.01118006439646746,-0.009908101319155864,0.0012719630773115956
2025-06-16,120086.30312990306,120651.63169214303,0.009514299887150468,0.010164575389339434,0.0006502755021889663
2025-06-17,119060.12496486554,119450.93722726377,-0.0085453389628245,-0.009951746595047923,-0.001406407632223423
2025-06-18,119042.20255034603,119365.26386907746,-0.0001505324685723286,-0.0007172263372309422,-0.0005666938686586136
2025-06-20,118762.6276449246,119132.63271313987,-0.002348536060589046,-0.0019489016184200414,0.0003996344421690046
2025-06-23,119935.69088324782,120323.883395666,0.009877376928964843,0.009999365038750941,0.00012198810978609857
2025-06-24,121260.67026386049,121613.32776843225,0.011047415251082215,0.01071644578263918,-0.00033096946844303476
2025-06-25,121328.5958458623,121671.35898661867,0.0005601616901342865,0.000477178112393304,-8.298357774098251e-05
2025-06-26,122277.85646938274,122589.45934072565,0.00782388205272233,0.007545739291100892,-0.000278142761621439
2025-06-27,122885.38572861625,123229.61858372187,0.0049684323619594295,0.005221976232205711,0.00025354387024628146
2025-06-30,123472.91372085684,124063.65116785553,0.004781105489127135,0.0067681178739266365,0.001987012384799501
2025-07-01,123432.96039047981,123611.57476546604,-0.0003235797161743603,-0.0036439069633525307,-0.0033203272471781704
2025-07-02,123992.51613109563,124140.01614060925,0.0045332765158159205,0.004275015314268556,-0.0002582612015473648
2025-07-03,124969.74900624085,125153.79406002247,0.007881385954874975,0.008166407182233194,0.00028502122735821894
2025-07-07,124038.47230175095,124276.47081039076,-0.0074520170832973465,-0.007009961273814453,0.00044205580948289327
2025-07-08,123970.53441884693,124154.24584558343,-0.0005477162177452977,-0.0009834924021443223,-0.0004357761843990246
2025-07-09,124713.93944388849,124618.68192155653,0.005996626767211355,0.0037407989779966824,-0.0022558277892146725
2025-07-10,125065.67144167186,125030.47508182889,0.0028203102183428364,0.0033044255798786674,0.000484115361535831
2025-07-11,124626.01259489376,124881.42161488552,-0.0035154238705955576,-0.0011921370917436062,0.0023232867788519516
2025-07-14,124863.82593731336,124874.58978361815,0.0019082159291465839,-5.470654625012772e-05,-0.0019629224753967118
2025-07-15,124330.2497021644,124489.36350202687,-0.004273265144196681,-0.0030849052818415776,0.001188359862355103
2025-07-16,124745.90948873143,124858.4049439669,0.0033431911185151097,0.002964441551940512,-0.00037874956657459784
2025-07-17,125509.31578076592,125619.05763299532,0.006119689977517551,0.006092122427559243,-2.7567549958307236e-05
2025-07-18,125417.39113855304,125359.8796371626,-0.0007324129021104575,-0.00206320601918486,-0.0013307931170744025
2025-07-21,125655.20448097265,125549.12674179075,0.001896175165666536,0.001509630554655031,-0.000386544611011505
2025-07-22,125673.17609910098,125788.26046814093,0.00014302326913218089,0.0019047024265011665,0.0017616791573689856
2025-07-23,126742.3582182635,126961.41894658144,0.008507639834927083,0.009326454424875707,0.000818814589948624
2025-07-24,126784.31659570071,127299.24551496065,0.00033105252282705777,0.0026608600564031436,0.002329807533576086
2025-07-25,127319.89787790985,128040.74486595398,0.004224349640319147,0.005824852676806941,0.0016005030364877942
2025-07-28,127287.9155321647,128089.26279739085,-0.00025119675932994134,0.0003789257199937128,0.0006301224793236542
2025-07-29,126952.18700815609,128051.80069921058,-0.0026375522185667633,-0.00029246868443241395,0.002345083534134349
2025-07-30,126792.31218213699,127971.21367440672,-0.001259331011043141,-0.0006293314452731389,0.0006299995657700021
2025-07-31,126316.68549729777,127637.2125244016,-0.0037512265266995692,-0.00260997094905191,0.0011412555776476592
2025-08-01,124246.30834548558,125502.2093496491,-0.016390369519761472,-0.01672712160134604,-0.00033675208158456815
2025-08-04,126134.81665812778,127427.43907411622,0.01519971367995021,0.015340205837360467,0.0001404921574102557
2025-08-05,125495.31735405132,126671.34079057825,-0.005069966572431306,-0.005933559436113245,-0.0008635928636819392
2025-08-06,126456.5836581284,127813.08267151358,0.0076597782637986,0.009013419087613005,0.0013536408238144053
2025-08-07,126350.6605892009,127514.86445703372,-0.0008376239960258269,-0.0023332370070932923,-0.0014956130110674653
2025-08-08,127335.88905078241,128647.04936347924,0.007797572699558275,0.00887884648794811,0.001081273788389835
2025-08-11,127084.064980746,128367.2191512551,-0.001977636249400061,-0.002175177849850952,-0.00019754160045089113
2025-08-12,128437.01661298345,129938.24343393333,0.010646115486174113,0.012238516134146999,0.0015924006479728862
2025-08-13,128876.67545976158,130518.16370232284,0.003423147456803166,0.00446304531340205,0.0010398978565988835
2025-08-14,128888.66883941602,130849.54494833881,9.306090191762983e-05,0.0025389665056257922,0.0024459056037081624
2025-08-15,128586.90310640832,130675.80267024481,-0.002341289856780615,-0.0013278019282572924,0.0010134879285233227
2025-08-18,128558.91855388133,130384.29992825407,-0.00021763143719111255,-0.002230732362335926,-0.0020131009251448135
2025-08-19,127861.4696994951,129672.38918825075,-0.005425130066677664,-0.005460095582022232,-3.496551534456875e-05
2025-08-20,127521.74338226837,129134.98465868479,-0.0026569874257286186,-0.004144325040435457,-0.0014873376147068384
2025-08-21,127010.13655846586,128535.7902775317,-0.004011918361787603,-0.004640062355966617,-0.0006281439941790137
2025-08-22,128960.59221463597,130771.78999718472,0.015356692851615561,0.017395930851828063,0.0020392380002125024
2025-08-25,128393.04088758388,130312.77765947233,-0.004400967127286992,-0.0035100256540212247,0.0008909414732657674
2025-08-26,128930.6272168532,130745.60677521322,0.004187036349890816,0.0033214633554349963,-0.0008655729944558196
2025-08-27,129224.39736342462,130876.24986811097,0.0022785132820093423,0.0009992159287032052,-0.0012792973533061372
2025-08-28,129682.04012923325,131352.32196823877,0.003541457922389135,0.0036375744308655166,9.611650847638148e-05
2025-08-29,128908.64550460453,130365.90944977119,-0.00596377589262187,-0.007509669442357384,-0.0015458935497355145
2025-09-02,127953.39434170799,129291.779880549,-0.007410295555874247,-0.008239343964658575,-0.0008290484087843282
2025-09-03,128646.84540287605,130052.36006551769,0.0054195597134076845,0.005882664664925926,0.0004631049515182416
2025-09-04,129722.00576051249,131343.63866880874,0.008357456059411517,0.009928913267245015,0.0015714572078334987
2025-09-05,129346.28700342026,131075.27578786484,-0.002896337864108256,-0.00204321186517913,0.0008531259989291262
2025-09-08,129664.05621020272,131009.51825607596,0.0024567323434190325,-0.0005016776153520849,-0.0029584099587711176
2025-09-09,129963.81689615024,131371.7446007908,0.002311825610804341,0.002764885708584903,0.0004530600977805618
2025-09-10,130339.52335234027,131770.92539689853,0.0028908542790047065,0.003038558993950698,0.00014770471494599154
2025-09-11,131422.66699551078,132944.63238241966,0.008310170355944058,0.008907177224307249,0.000597006868363191
2025-09-12,131378.6912701112,133189.5964111758,-0.0003346129431468503,0.001842601873924961,0.0021772148170718115
2025-09-15,132078.1451715576,133544.58266196246,0.005323952420932088,0.0026652701138216582,-0.0026586823071104294
2025-09-16,131896.300934192,133264.05239623744,-0.0013767927852816886,-0.0021006487880912126,-0.000723856002809524
2025-09-17,131732.42831495474,133209.04415242377,-0.0012424352925486382,-0.0004127763100743015,0.0008296589824743367
2025-09-18,132347.94085972235,133561.62014666753,0.004672445142330339,0.002646787209435584,-0.002025657932894755
2025-09-19,133003.4436375736,134489.30511431757,0.004952874775332017,0.0069457450922751395,0.0019928703169431227
2025-09-22,133632.6962901094,135197.8300680227,0.004731100453688075,0.005268262432487847,0.0005371619787997717
2025-09-23,132905.25783613598,134619.47127992287,-0.005443566388828813,-0.004277870346061272,0.0011656960427675412
2025-09-24,132482.40202177627,134097.28322783264,-0.003181633452613686,-0.0038789934853066693,-0.0006973600326929835
2025-09-25,131871.19479278207,133629.15804026832,-0.0046134974884720625,-0.003490937148733716,0.0011225603397383467
2025-09-26,132626.70390559794,134589.47959656312,0.005729144366994232,0.0071864671631428284,0.0014573227961485963
2025-09-29,132999.43354345323,135016.05677376245,0.0028103664411398555,0.003169468954616744,0.00035910251347688864
2025-09-30,133500.42468864878,135573.39911142076,0.0037668667591119753,0.004127970783446998,0.0003611040243350228
2025-10-01,133955.32435326467,136090.72284288862,0.0034074772846366397,0.0038158203221170402,0.00040834303748040054
2025-10-02,134109.6145696806,136100.26827107917,0.001151803537192908,7.014018289523753e-05,-0.0010816633542976705
2025-10-03,134107.63412442483,136079.08654566368,-1.4767362221612679e-05,-0.00015563323779276106,-0.00014086587557114838
2025-10-06,134588.57479901862,136547.0352563048,0.003586228910336109,0.0034387996166046,-0.00014742929373150887
2025-10-07,134089.58870088327,136116.83469796545,-0.003707492250961897,-0.003150566817740535,0.0005569254332213618
2025-10-08,134889.17194631638,137114.59179632197,0.005963052412792269,0.007330152075387957,0.0013670996625956876
2025-10-09,134498.39688491952,136533.88257516501,-0.0028970083792374535,-0.004235210954203733,-0.0013382025749662796
2025-10-10,130863.19736121043,132828.47640045665,-0.02702782789908964,-0.027139096206895443,-0.00011126830780580285
2025-10-13,132871.17203611298,135132.2776965738,0.015344074693208754,0.017344182200596484,0.00200010750738773
2025-10-14,132708.84933055413,134842.29443264968,-0.0012216548034567065,-0.0021459215286464294,-0.0009242667251897229
2025-10-15,133298.01334278862,135302.35898575335,0.004439523175783,0.003411871290379666,-0.001027651885403334
2025-10-16,132390.21906061698,134424.06548126016,-0.006810261153983976,-0.006491339183418719,0.0003189219705652573
2025-10-17,133141.71807931253,135343.41854547945,0.0056763938002961645,0.0068391999671179446,0.00116280616682178
2025-10-20,134526.45524285978,136760.26432690813,0.010400475399621634,0.010468523675959794,6.804827633816006e-05
2025-10-21,134524.45019579958,137004.35116905934,-1.4904481475785936e-05,0.0017847789586582397,0.0017996834401340256
2025-10-22,133825.07009976645,136453.62218938125,-0.0051989069274410715,-0.004019791889664295,0.0011791150377767762
2025-10-23,134618.63820401905,137420.9864031876,0.005929891190499692,0.00708932601630577,0.001159434825806078
2025-10-24,135718.81859674997,138651.43704536968,0.008172571104630766,0.008953877238022535,0.0007813061333917688
2025-10-27,137319.99013467642,140718.7267367991,0.011797712023148943,0.014909976668708804,0.0031122646455598608
2025-10-28,137684.7118851932,141061.99403416735,0.002655998956591077,0.0024393860385782933,-0.00021661291801278355
2025-10-29,137750.85383637462,140765.79056806632,0.0004803870398957244,-0.0020998105700199402,-0.0025801976099156646
2025-10-30,136235.85011842693,139521.89367196267,-0.010998143937076876,-0.008836641992943556,0.00216150194413332
2025-10-31,136682.7172938999,139903.00840503414,0.0032800997320787673,0.0027315765507566004,-0.0005485231813221669
2025-11-03,136939.24030858043,140192.83084734716,0.0018767772528909266,0.0020715954976031404,0.00019481824471221385
2025-11-04,135316.02555389423,138779.77586369123,-0.011853539942447533,-0.010079366934209182,0.0017741730082383514
2025-11-05,135784.94824702916,138975.81216100263,0.003465389196996238,0.0014125710759464395,-0.0020528181210497983
2025-11-06,134328.06629202215,137263.44369426297,-0.010729333212666003,-0.012321341678909506,-0.0015920084662435028
2025-11-07,134460.31329167835,137116.9807972005,0.0009845075813768034,-0.0010670204179687411,-0.0020515279993455447
2025-11-10,136558.47818158224,139120.75916854214,0.015604343307994428,0.014613641284191367,-0.0009907020238030615
2025-11-11,136871.09331033882,139527.00364325172,0.0022892399865568347,0.002920085234853057,0.0006308452482962222
2025-11-12,136947.26049682114,139708.17379086136,0.0005564884786124491,0.0012984593869216304,0.0007419709083091813
2025-11-13,134674.75491989957,137447.9914533576,-0.016594019980226582,-0.016177881910382635,0.0004161380698439465
2025-11-14,134652.69940223766,137177.55765954603,-0.00016376876033719068,-0.00196753543614598,-0.0018037666758087892
2025-11-17,133398.21649218863,135490.33261441236,-0.009316433429244597,-0.012299570526843086,-0.0029831370975984886
2025-11-18,132277.99792975813,134369.40959541776,-0.00839755277010068,-0.008273084856796403,0.00012446791330427733
2025-11-19,132789.01431025457,134812.31483024312,0.00386320014283692,0.0032961760876895566,-0.0005670240551473634
2025-11-20,130765.01155977283,132846.01737658534,-0.015242245459799575,-0.014585443890150228,0.000656801569649347
2025-11-21,132067.5909974617,134298.93186945736,0.009961222976632822,0.01093683138993444,0.000975608413301618
2025-11-24,134011.428768243,136307.13451752005,0.014718507062180475,0.01495322874209253,0.0002347216799120557
2025-11-25,135271.93912037477,137732.64340356234,0.009405991442055894,0.0104580650975321,0.0010520736554762052
2025-11-26,136205.7867134265,138732.27482288147,0.006903483450626968,0.007257766892560008,0.00035428344193304
2025-11-28,136949.2532429791,139593.53882546042,0.005458406338614941,0.0062081012055668185,0.0007496948669518779
2025-12-01,136324.01068456363,138834.34174465376,-0.004565505423429594,-0.005438626222922127,-0.0008731207994925327
2025-12-02,136576.5236051238,139066.09339550862,0.001852299674079072,0.0016692674733252081,-0.0001830322007538639
2025-12-03,137049.4563923791,139590.98745692667,0.0034627677932603795,0.003774421561733503,0.0003116537684731235
2025-12-04,137149.64724087686,139850.97671085256,0.0007310561539983773,0.001862507448814381,0.0011314512948160038
2025-12-05,137410.16804877552,140051.67320829487,0.0018995368427094927,0.0014350739777617427,-0.00046446286494775005
2025-12-08,136997.3497706189,139734.2773837114,-0.0030042775146746914,-0.002266276562875733,0.0007380009517989586
2025-12-09,136879.11349857954,139572.2672281233,-0.0008630551776172002,-0.001159415990274245,-0.0002963608126570448
2025-12-10,137786.92008165337,140483.77503460716,0.006632177546088913,0.006530722933618582,-0.00010145461247033135
2025-12-11,138107.54309774848,140971.2840396697,0.002326948130527251,0.0034702157237904087,0.0011432675932631577
2025-12-12,136622.61508570344,139093.76977296805,-0.01075196892753394,-0.013318416438437926,-0.002566447510903987
2025-12-15,136416.19364572293,138653.98171743815,-0.0015108877827512135,-0.0031618098801099014,-0.001650922097358688
2025-12-16,136043.46400786765,138012.38782717212,-0.00273229759527871,-0.004627302312698949,-0.0018950047174202391
2025-12-17,134546.49341255933,136077.7771111463,-0.011003620102041367,-0.014017659910706365,-0.0030140398086649974
2025-12-18,135562.49873146944,136991.25646300314,0.0075513325776148665,0.006712920884287454,-0.0008384116933274127
2025-12-19,136791.16204778038,138375.0677768139,0.009063445479451815,0.01010145719909118,0.0010380117196393656
2025-12-22,137643.3562519643,139192.65690189964,0.006229892278320159,0.005908500268302785,-0.0003213920100173743
2025-12-23,138272.44899277136,139872.39606673343,0.004570454818432879,0.004883441267400074,0.00031298644896719536
2025-12-24,138758.83896704402,140572.0670929003,0.0035176203055324873,0.005002209484086146,0.0014845891785536585
2025-12-26,138744.76673491616,140810.56073246466,-0.00010141503224314619,0.0016965933879788209,0.001798008420221967
2025-12-29,138250.33197059837,140303.43640466,-0.003563628207054803,-0.0036014651540815274,-3.783694702672426e-05
2025-12-30,138081.51438867283,140389.15447026608,-0.0012211007345822589,0.0006109477273162033,0.0018320484618984622
2025-12-31,137058.47295369877,139373.45938903023,-0.007408967373390696,-0.007234854323814308,0.00017411304957638818
2026-01-02,137309.70658042913,139482.93425400255,0.0018330397334518356,0.0007854785656625036,-0.001047561167789332
2026-01-05,138224.20485430502,140310.3365118101,0.006660113816063129,0.005931924663277073,-0.0007281891527860561
2026-01-06,139046.249547173,140879.2031331642,0.005947183373089304,0.004054345784469013,-0.001892837588620291
2026-01-07,138598.0538742614,140268.12553263368,-0.0032233567922274053,-0.00433759978009604,-0.0011142429878686346
2026-01-08,138583.98164213353,140195.3203621449,-0.00010153268198576093,-0.0005190428703050669,-0.00041751018831930596
2026-01-09,139500.48496306958,141277.9822160122,0.006613342394092614,0.007722524910750329,0.001109182516657715
2026-01-12,139719.56403142388,141826.86017387747,0.0015704538117717881,0.0038850919956235335,0.0023146381838517454
2026-01-13,139440.19824134,141293.15935127359,-0.0019994751058702853,-0.003763044757174816,-0.0017635696513045307
2026-01-14,138754.81657202146,140679.11152714986,-0.0049152373416185835,-0.004345913326186836,0.0005693240154317474
2026-01-15,139132.67568609817,140877.2804080121,0.0027232143965294497,0.0014086588883807304,-0.0013145555081487193
2026-01-16,139016.10003585712,140854.60638397158,-0.0008378739908954103,-0.0001609487631706404,0.0006769252277247699
2026-01-20,136186.17907530427,137970.46156950676,-0.020356785723545046,-0.020476041845607782,-0.00011925612206273653
2026-01-21,137757.91455424295,139238.09986425177,0.011541079202094462,0.009187751351447027,-0.002353327850647435
2026-01-22,138477.45582899774,140142.63531716852,0.005223230019727687,0.006496321436436059,0.0012730914167083723
2026-01-23,138527.69271362206,140089.47347490606,0.0003627802397405677,-0.0003793409631703897,-0.0007421212029109575
2026-01-26,139231.15670918883,140709.9960412472,0.005078147060609828,0.004429473185594589,-0.0006486738750152389
2026-01-27,139785.89049613843,141080.24914361307,0.003984264729684606,0.0026313205371515792,-0.0013529441925330264
2026-01-28,139771.81826401054,140952.20990653615,-0.00010066990364987483,-0.0009075631624846631,-0.0008068932588347883
2026-01-29,139494.45752098685,140759.249829394,-0.0019843824489698125,-0.00136897518151815,0.0006154072674516625
2026-01-30,139078.4041055491,140311.87850422197,-0.0029825802604032114,-0.00317827301377536,-0.00019569275337214843
2026-02-02,139769.8132169504,141077.46971325125,0.004971362130935519,0.005456353497585269,0.00048499136664974934
2026-02-03,138588.0040371561,139959.19211164422,-0.00845539643070059,-0.007926691653032829,0.0005287047776677614
2026-02-04,137916.69459996544,139531.59641205304,-0.004843921678897134,-0.0030551455259193567,0.0017887761529777773
2026-02-05,136194.2238653494,137733.49403672776,-0.012489211256201727,-0.012886703954961339,-0.00039749269875961196
2026-02-06,138807.07080460814,140115.8302247801,0.019184711840951385,0.017296709160787602,-0.0018880026801637827
2026-02-09,139476.37519473862,140995.40919233437,0.004821832103010459,0.006277513155673933,0.0014556810526634737
2026-02-10,139108.553616865,140569.63066327394,-0.002637160432080843,-0.0030198042014233533,-0.0003826437693425105
2026-02-11,139076.41135939112,140750.52700080632,-0.00023105881441631837,0.0012868806489626167,0.001517939463378935
2026-02-12,136927.83737223205,138654.47426111434,-0.0154488742279012,-0.014891970810737872,0.0005569034171633274
2026-02-13,137024.3010473603,138735.6096600234,0.0007044854938154099,0.0005851625008236554,-0.00011932299299175452
2026-02-17,137245.38516277476,139030.4080577144,0.0016134664707250224,0.0021248935180624685,0.0005114270473374461
2026-02-18,137936.79427417603,140094.68647942602,0.005037758541617032,0.007655004661065264,0.002617246119448232
2026-02-19,137572.99509132496,140115.05230109298,-0.0026374339404172664,0.00014537183514062396,0.0027828057755578902
2026-02-20,138567.90436294547,141148.5525852272,0.007231864589122949,0.007376083205631426,0.00014421861650847686
2026-02-23,137152.94388266906,139744.44274082233,-0.010211314710874664,-0.009947745256240386,0.0002635694546342781
2026-02-24,138149.83359954532,140965.24823571753,0.00726845293039502,0.00873598599666223,0.0014675330662672105
2026-02-25,139315.590101956,142005.56161382704,0.008438348943581309,0.007379927968983668,-0.0010584209745976405
2026-02-26,138541.76494574992,141286.48931456156,-0.005554476391621099,-0.005063691105429668,0.0004907852861914313
2026-02-27,137876.49525154423,140610.7296315156,-0.004801943258527341,-0.004782903774623747,1.9039483903594487e-05
2026-03-02,137954.88890132646,140756.1463300093,0.0005685787823312971,0.0010341792470232986,0.0004656004646920015
2026-03-03,136738.9078151937,139368.76876489152,-0.00881433848279567,-0.009856603788121764,-0.0010422653053260948
2026-03-04,137703.64297369387,140068.28450115226,0.007055308353084655,0.0050191713858130866,-0.0020361369672715684
2026-03-05,136935.86986137496,138913.13614655123,-0.005575546846393831,-0.0082470372127069,-0.0026714903663130687
2026-03-06,135141.03291905942,136895.7449013866,-0.013107135070836495,-0.014522681591727279,-0.0014155465208907838
2026-03-09,136324.87174771834,138019.6889837709,0.008760025013039074,0.008210219267179806,-0.0005498057458592689
2026-03-10,136105.78037846184,137752.00842511206,-0.0016071269053671289,-0.0019394374862728382,-0.0003323105809057093
2026-03-11,135934.9454485739,137937.14303387722,-0.0012551629285171284,0.001343970304910819,0.002599133233427947
2026-03-12,133870.7802523776,136050.3958700114,-0.015184948869363502,-0.013678311166720738,0.0015066377026427633
2026-03-13,133113.05697716397,135115.51816107318,-0.005660109501006372,-0.006871554492435449,-0.0012114449914290776
2026-03-16,134467.7307357108,136559.4828707759,0.010176866111483163,0.010686890220717008,0.0005100241092338455
2026-03-17,134821.45547965216,136852.88953750918,0.00263055486997521,0.002148563106459255,-0.0004819917635159551
2026-03-18,132940.20469931365,134899.4029926916,-0.013953645387120184,-0.014274353661214746,-0.00032070827409456243
2026-03-19,132612.59477076345,134606.97669567083,-0.0024643404851918405,-0.002167736035396775,0.00029660444979506557
2026-03-20,130711.49033425855,132793.95956920253,-0.01433577587250423,-0.013468968481234928,0.0008668073912693024
2026-03-23,132083.96349830276,134136.12975835576,0.01050001924493782,0.010107162957617648,-0.0003928562873201716
2026-03-24,131640.57747815512,133880.52007678148,-0.0033568497522664664,-0.0019055990510145023,0.0014512507012519641
2026-03-25,132374.17868413558,134432.76931838648,0.0055727589473859585,0.004124940964438057,-0.0014478179829479016
2026-03-26,130010.14209387185,132040.21800780573,-0.017858744158138706,-0.017797381715125706,6.136244301300012e-05
2026-03-27,127793.22429403584,130246.4871826663,-0.017051883523327982,-0.013584730866116775,0.0034671526572112067
2026-03-30,127365.95245578286,129856.1074954796,-0.0033434623831846144,-0.0029972377423061977,0.00034622464087841675
2026-03-31,131068.21649833907,133882.2480646627,0.02906792569891481,0.03100463002345315,0.0019367043245383415
2026-04-01,132055.74522863378,134914.18294326257,0.007534463782890022,0.007707779735678338,0.0001733159527883164
2026-04-02,132174.6580502947,135145.80638780052,0.0009004744280911581,0.0017168205705649629,0.0008163461424738048
2026-04-06,132799.42087352395,135781.69419712914,0.004726797348638012,0.004705198232373709,-2.159911626430349e-05
2026-04-07,132857.8624599221,135818.23827850362,0.0004400741058487867,0.0002691384990485729,-0.0001709356068002138
2026-04-08,136241.69304697652,139145.52872153628,0.025469554638327674,0.0244981122212014,-0.0009714424171262739
2026-04-09,137027.68379546798,140034.34403851247,0.00576909117108837,0.006387667107542709,0.0006185759364543391
2026-04-10,136937.00154437826,139792.37526188916,-0.0006617805145495703,-0.0017279245194077098,-0.0010661440048581395
2026-04-13,138275.20439486633,141288.18264719285,0.009772397784351794,0.010700207235919959,0.0009278094515681647
2026-04-14,139960.07127142738,143218.78733869302,0.01218488075237012,0.01366430408635824,0.0014794233339881207
2026-04-15,141064.49547542064,144425.5141788485,0.007890994867038925,0.008425757978956682,0.0005347631119177569
2026-04-16,141411.1348996892,144733.73642820012,0.002457311622604319,0.0021341260310137147,-0.00032318559159060433
2026-04-17,143120.18534999448,146576.97309170215,0.012085685130224011,0.012735362942947345,0.0006496778127233344
2026-04-20,142833.99255918423,146232.1763515018,-0.001999667552905704,-0.002352325422797581,-0.000352657869891877
2026-04-21,141898.86567230272,145462.36208090698,-0.006546949154936255,-0.005264328889863485,0.0012826202650727692
2026-04-22,143335.83246663224,146592.99905518405,0.010126696838070659,0.0077727114980312,-0.0023539853400394587
2026-04-23,142779.58566871085,145967.2255614983,-0.0038807239498251933,-0.004268781577012332,-0.00038805762718713884
2026-04-24,143886.02722066647,146724.1832009991,0.007749297960024215,0.0051858054887939774,-0.0025634924712302377
